-- phpMyAdmin SQL Dump
-- version 5.1.3
-- https://www.phpmyadmin.net/
--
-- Host: 127.0.0.1
-- Generation Time: Aug 05, 2022 at 12:23 PM
-- Server version: 10.4.24-MariaDB
-- PHP Version: 7.4.28

SET SQL_MODE = "NO_AUTO_VALUE_ON_ZERO";
START TRANSACTION;
SET time_zone = "+00:00";


/*!40101 SET @OLD_CHARACTER_SET_CLIENT=@@CHARACTER_SET_CLIENT */;
/*!40101 SET @OLD_CHARACTER_SET_RESULTS=@@CHARACTER_SET_RESULTS */;
/*!40101 SET @OLD_COLLATION_CONNECTION=@@COLLATION_CONNECTION */;
/*!40101 SET NAMES utf8mb4 */;

--
-- Database: `laballocator`
--

-- --------------------------------------------------------

--
-- Table structure for table `academic_year`
--

CREATE TABLE `academic_year` (
  `id` int(11) NOT NULL,
  `from_date` date NOT NULL,
  `to_date` date NOT NULL,
  `aca_year` varchar(40) NOT NULL,
  `status` int(11) NOT NULL COMMENT '0 - Requisition Closed 1- Requistion form is open\r\n'
) ENGINE=InnoDB DEFAULT CHARSET=utf8mb4;

--
-- Dumping data for table `academic_year`
--

INSERT INTO `academic_year` (`id`, `from_date`, `to_date`, `aca_year`, `status`) VALUES
(1, '2022-06-01', '2022-07-30', '2022-2023', 1),
(2, '2022-08-01', '2022-08-31', '2022-2023', 1);

-- --------------------------------------------------------

--
-- Table structure for table `courses`
--

CREATE TABLE `courses` (
  `cid` int(11) NOT NULL,
  `coursecode` varchar(10) NOT NULL,
  `coursename` varchar(100) NOT NULL,
  `deptid` int(11) NOT NULL,
  `sem` int(11) NOT NULL,
  `divisions` int(11) NOT NULL,
  `strength` int(11) NOT NULL,
  `softwarereq` varchar(100) NOT NULL,
  `duration` int(11) NOT NULL,
  `academicyear` int(11) NOT NULL,
  `allocation_status` int(11) NOT NULL
) ENGINE=InnoDB DEFAULT CHARSET=utf8mb4;

--
-- Dumping data for table `courses`
--

INSERT INTO `courses` (`cid`, `coursecode`, `coursename`, `deptid`, `sem`, `divisions`, `strength`, `softwarereq`, `duration`, `academicyear`, `allocation_status`) VALUES
(1, '18CSL67', ' AI & Machine Learning Lab', 5, 6, 4, 211, '\"Ubuntu Version 18 +, PyCharm Python (3.', 3, 1, 1),
(2, '18CSL68', 'Embedded Systems and IoT Lab', 5, 6, 4, 211, 'Windows OS, Keil,Thony Python', 3, 1, 1),
(3, '18CSL46', 'Python Programming (Integrated', 5, 4, 4, 220, '', 3, 1, 1),
(5, '18CSL48', 'Database Application Lab', 5, 4, 4, 220, '', 3, 1, 1),
(6, '18CSL36', 'Artificial Intelligence & ML L', 5, 6, 4, 211, 'dkrfjg', 3, 1, 1),
(9, '18CSL66', 'DataBase Lab', 5, 4, 4, 211, 'szdvsdfvsafv', 3, 1, 1),
(10, '18CSL47', 'DAA Lab', 5, 6, 4, 211, 'zdfh', 3, 1, 1),
(11, '20MCA21', 'DS', 10, 2, 2, 120, '', 2, 1, 1),
(12, '20MCA22', 'Java & J2EE', 10, 2, 2, 120, 'netbeans', 2, 1, 1),
(13, '20MCA24', 'WDD', 10, 2, 4, 120, '', 2, 1, 1),
(16, '18ISL46', 'Machine Interfacing', 8, 4, 1, 55, 'IOT kits', 3, 1, 1),
(17, '18ISL47', 'ISlab 4sem', 8, 4, 1, 55, '', 3, 1, 1),
(18, '18MEL47', 'Auto Cad', 11, 4, 4, 219, '', 3, 1, 1),
(19, '18MEL48', 'ME lab 4', 11, 4, 4, 219, '', 3, 1, 1),
(22, '22FYL27', 'C Programming', 7, 2, 8, 287, '', 2, 1, 1),
(23, 'CSEBYOD', 'CS Dept', 4, 6, 6, 60, '', 3, 1, 1),
(26, '22FYL17', 'C Programming', 7, 1, 8, 400, '', 2, 1, 1),
(27, '22FYL28', 'Graphics', 7, 2, 8, 400, '', 2, 1, 1),
(28, '18CVL36', 'Building Planning and Drawing', 3, 3, 3, 150, 'Windows 10, AutoCAD, MS-Office\r\n', 3, 1, 1),
(29, '18CVL78', 'Software Application Laborator', 3, 7, 3, 150, 'Windows 10, STAAD.Pro, MS-Office\r\n', 3, 1, 0),
(30, '20IS48', 'Something', 8, 4, 1, 58, 'internet of things', 3, 1, 1),
(31, '18CSL56', 'Software Design lab', 5, 5, 4, 210, 'Linux machines', 0, 1, 0);

-- --------------------------------------------------------

--
-- Table structure for table `laballocations`
--

CREATE TABLE `laballocations` (
  `allocationid` int(11) NOT NULL,
  `day` varchar(30) NOT NULL,
  `date_start` datetime NOT NULL,
  `date_end` datetime NOT NULL,
  `slot` int(11) NOT NULL,
  `coursecode` int(11) NOT NULL,
  `batchno` int(11) NOT NULL,
  `academicyear` int(11) NOT NULL,
  `labid` int(11) NOT NULL,
  `conduction_status` tinyint(1) NOT NULL,
  `student_count` int(11) NOT NULL,
  `faculty_details` varchar(30) NOT NULL,
  `updated_by` int(11) NOT NULL
) ENGINE=InnoDB DEFAULT CHARSET=utf8;

--
-- Dumping data for table `laballocations`
--

INSERT INTO `laballocations` (`allocationid`, `day`, `date_start`, `date_end`, `slot`, `coursecode`, `batchno`, `academicyear`, `labid`, `conduction_status`, `student_count`, `faculty_details`, `updated_by`) VALUES
(1, 'Monday', '2022-06-06 08:30:00', '2022-06-06 11:30:00', 1, 23, 1, 1, 10, 0, 0, '', 0),
(2, 'Monday', '2022-06-06 08:30:00', '2022-06-06 11:30:00', 1, 23, 2, 1, 11, 0, 0, '', 0),
(3, 'Monday', '2022-06-06 11:30:00', '2022-06-06 14:00:00', 2, 23, 1, 1, 10, 0, 0, '', 0),
(4, 'Monday', '2022-06-06 11:30:00', '2022-06-06 14:00:00', 2, 23, 2, 1, 11, 0, 0, '', 0),
(5, 'Monday', '2022-06-06 14:00:00', '2022-06-06 17:00:00', 3, 23, 1, 1, 10, 0, 0, '', 0),
(6, 'Monday', '2022-06-06 14:00:00', '2022-06-06 17:00:00', 3, 23, 2, 1, 11, 0, 0, '', 0),
(7, 'Monday', '2022-06-13 08:30:00', '2022-06-13 11:30:00', 1, 23, 1, 1, 10, 0, 0, '', 0),
(8, 'Monday', '2022-06-13 08:30:00', '2022-06-13 11:30:00', 1, 23, 2, 1, 11, 0, 0, '', 0),
(9, 'Monday', '2022-06-13 11:30:00', '2022-06-13 14:00:00', 2, 23, 1, 1, 10, 0, 0, '', 0),
(10, 'Monday', '2022-06-13 11:30:00', '2022-06-13 14:00:00', 2, 23, 2, 1, 11, 0, 0, '', 0),
(11, 'Monday', '2022-06-13 14:00:00', '2022-06-13 17:00:00', 3, 23, 1, 1, 10, 0, 0, '', 0),
(12, 'Monday', '2022-06-13 14:00:00', '2022-06-13 17:00:00', 3, 23, 2, 1, 11, 0, 0, '', 0),
(13, 'Monday', '2022-06-20 08:30:00', '2022-06-20 11:30:00', 1, 23, 1, 1, 10, 0, 0, '', 0),
(14, 'Monday', '2022-06-20 08:30:00', '2022-06-20 11:30:00', 1, 23, 2, 1, 11, 0, 0, '', 0),
(15, 'Monday', '2022-06-20 11:30:00', '2022-06-20 14:00:00', 2, 23, 1, 1, 10, 0, 0, '', 0),
(16, 'Monday', '2022-06-20 11:30:00', '2022-06-20 14:00:00', 2, 23, 2, 1, 11, 0, 0, '', 0),
(17, 'Monday', '2022-06-20 14:00:00', '2022-06-20 17:00:00', 3, 23, 1, 1, 10, 0, 0, '', 0),
(18, 'Monday', '2022-06-20 14:00:00', '2022-06-20 17:00:00', 3, 23, 2, 1, 11, 0, 0, '', 0),
(19, 'Monday', '2022-06-27 08:30:00', '2022-06-27 11:30:00', 1, 23, 1, 1, 10, 0, 0, '', 0),
(20, 'Monday', '2022-06-27 08:30:00', '2022-06-27 11:30:00', 1, 23, 2, 1, 11, 0, 0, '', 0),
(21, 'Monday', '2022-06-27 11:30:00', '2022-06-27 14:00:00', 2, 23, 1, 1, 10, 0, 0, '', 0),
(22, 'Monday', '2022-06-27 11:30:00', '2022-06-27 14:00:00', 2, 23, 2, 1, 11, 0, 0, '', 0),
(23, 'Monday', '2022-06-27 14:00:00', '2022-06-27 17:00:00', 3, 23, 1, 1, 10, 0, 0, '', 0),
(24, 'Monday', '2022-06-27 14:00:00', '2022-06-27 17:00:00', 3, 23, 2, 1, 11, 0, 0, '', 0),
(25, 'Monday', '2022-07-04 08:30:00', '2022-07-04 11:30:00', 1, 23, 1, 1, 10, 0, 0, '', 0),
(26, 'Monday', '2022-07-04 08:30:00', '2022-07-04 11:30:00', 1, 23, 2, 1, 11, 0, 0, '', 0),
(27, 'Monday', '2022-07-04 11:30:00', '2022-07-04 14:00:00', 2, 23, 1, 1, 10, 0, 0, '', 0),
(28, 'Monday', '2022-07-04 11:30:00', '2022-07-04 14:00:00', 2, 23, 2, 1, 11, 0, 0, '', 0),
(29, 'Monday', '2022-07-04 14:00:00', '2022-07-04 17:00:00', 3, 23, 1, 1, 10, 0, 0, '', 0),
(30, 'Monday', '2022-07-04 14:00:00', '2022-07-04 17:00:00', 3, 23, 2, 1, 11, 0, 0, '', 0),
(31, 'Monday', '2022-07-11 08:30:00', '2022-07-11 11:30:00', 1, 23, 1, 1, 10, 0, 0, '', 0),
(32, 'Monday', '2022-07-11 08:30:00', '2022-07-11 11:30:00', 1, 23, 2, 1, 11, 0, 0, '', 0),
(33, 'Monday', '2022-07-11 11:30:00', '2022-07-11 14:00:00', 2, 23, 1, 1, 10, 0, 0, '', 0),
(34, 'Monday', '2022-07-11 11:30:00', '2022-07-11 14:00:00', 2, 23, 2, 1, 11, 0, 0, '', 0),
(35, 'Monday', '2022-07-11 14:00:00', '2022-07-11 17:00:00', 3, 23, 1, 1, 10, 0, 0, '', 0),
(36, 'Monday', '2022-07-11 14:00:00', '2022-07-11 17:00:00', 3, 23, 2, 1, 11, 0, 0, '', 0),
(37, 'Monday', '2022-07-18 08:30:00', '2022-07-18 11:30:00', 1, 23, 1, 1, 10, 0, 0, '', 0),
(38, 'Monday', '2022-07-18 08:30:00', '2022-07-18 11:30:00', 1, 23, 2, 1, 11, 0, 0, '', 0),
(39, 'Monday', '2022-07-18 11:30:00', '2022-07-18 14:00:00', 2, 23, 1, 1, 10, 0, 0, '', 0),
(40, 'Monday', '2022-07-18 11:30:00', '2022-07-18 14:00:00', 2, 23, 2, 1, 11, 0, 0, '', 0),
(41, 'Monday', '2022-07-18 14:00:00', '2022-07-18 17:00:00', 3, 23, 1, 1, 10, 0, 0, '', 0),
(42, 'Monday', '2022-07-18 14:00:00', '2022-07-18 17:00:00', 3, 23, 2, 1, 11, 0, 0, '', 0),
(43, 'Monday', '2022-07-25 08:30:00', '2022-07-25 11:30:00', 1, 23, 1, 1, 10, 0, 0, '', 0),
(44, 'Monday', '2022-07-25 08:30:00', '2022-07-25 11:30:00', 1, 23, 2, 1, 11, 0, 0, '', 0),
(45, 'Monday', '2022-07-25 11:30:00', '2022-07-25 14:00:00', 2, 23, 1, 1, 10, 0, 0, '', 0),
(46, 'Monday', '2022-07-25 11:30:00', '2022-07-25 14:00:00', 2, 23, 2, 1, 11, 0, 0, '', 0),
(47, 'Monday', '2022-07-25 14:00:00', '2022-07-25 17:00:00', 3, 23, 1, 1, 10, 0, 0, '', 0),
(48, 'Monday', '2022-07-25 14:00:00', '2022-07-25 17:00:00', 3, 23, 2, 1, 11, 0, 0, '', 0),
(49, 'Tuesday', '2022-06-07 08:30:00', '2022-06-07 11:30:00', 1, 23, 1, 1, 10, 0, 0, '', 0),
(50, 'Tuesday', '2022-06-07 08:30:00', '2022-06-07 11:30:00', 1, 23, 2, 1, 11, 0, 0, '', 0),
(51, 'Tuesday', '2022-06-07 11:30:00', '2022-06-07 14:00:00', 2, 23, 1, 1, 10, 0, 0, '', 0),
(52, 'Tuesday', '2022-06-07 11:30:00', '2022-06-07 14:00:00', 2, 23, 2, 1, 11, 0, 0, '', 0),
(53, 'Tuesday', '2022-06-07 14:00:00', '2022-06-07 17:00:00', 3, 23, 1, 1, 10, 0, 0, '', 0),
(54, 'Tuesday', '2022-06-07 14:00:00', '2022-06-07 17:00:00', 3, 23, 2, 1, 11, 0, 0, '', 0),
(55, 'Tuesday', '2022-06-14 08:30:00', '2022-06-14 11:30:00', 1, 23, 1, 1, 10, 0, 0, '', 0),
(56, 'Tuesday', '2022-06-14 08:30:00', '2022-06-14 11:30:00', 1, 23, 2, 1, 11, 0, 0, '', 0),
(57, 'Tuesday', '2022-06-14 11:30:00', '2022-06-14 14:00:00', 2, 23, 1, 1, 10, 0, 0, '', 0),
(58, 'Tuesday', '2022-06-14 11:30:00', '2022-06-14 14:00:00', 2, 23, 2, 1, 11, 0, 0, '', 0),
(59, 'Tuesday', '2022-06-14 14:00:00', '2022-06-14 17:00:00', 3, 23, 1, 1, 10, 0, 0, '', 0),
(60, 'Tuesday', '2022-06-14 14:00:00', '2022-06-14 17:00:00', 3, 23, 2, 1, 11, 0, 0, '', 0),
(61, 'Tuesday', '2022-06-21 08:30:00', '2022-06-21 11:30:00', 1, 23, 1, 1, 10, 0, 0, '', 0),
(62, 'Tuesday', '2022-06-21 08:30:00', '2022-06-21 11:30:00', 1, 23, 2, 1, 11, 0, 0, '', 0),
(63, 'Tuesday', '2022-06-21 11:30:00', '2022-06-21 14:00:00', 2, 23, 1, 1, 10, 0, 0, '', 0),
(64, 'Tuesday', '2022-06-21 11:30:00', '2022-06-21 14:00:00', 2, 23, 2, 1, 11, 0, 0, '', 0),
(65, 'Tuesday', '2022-06-21 14:00:00', '2022-06-21 17:00:00', 3, 23, 1, 1, 10, 0, 0, '', 0),
(66, 'Tuesday', '2022-06-21 14:00:00', '2022-06-21 17:00:00', 3, 23, 2, 1, 11, 0, 0, '', 0),
(67, 'Tuesday', '2022-06-28 08:30:00', '2022-06-28 11:30:00', 1, 23, 1, 1, 10, 0, 0, '', 0),
(68, 'Tuesday', '2022-06-28 08:30:00', '2022-06-28 11:30:00', 1, 23, 2, 1, 11, 0, 0, '', 0),
(69, 'Tuesday', '2022-06-28 11:30:00', '2022-06-28 14:00:00', 2, 23, 1, 1, 10, 0, 0, '', 0),
(70, 'Tuesday', '2022-06-28 11:30:00', '2022-06-28 14:00:00', 2, 23, 2, 1, 11, 0, 0, '', 0),
(71, 'Tuesday', '2022-06-28 14:00:00', '2022-06-28 17:00:00', 3, 23, 1, 1, 10, 0, 0, '', 0),
(72, 'Tuesday', '2022-06-28 14:00:00', '2022-06-28 17:00:00', 3, 23, 2, 1, 11, 0, 0, '', 0),
(73, 'Tuesday', '2022-07-05 08:30:00', '2022-07-05 11:30:00', 1, 23, 1, 1, 10, 0, 0, '', 0),
(74, 'Tuesday', '2022-07-05 08:30:00', '2022-07-05 11:30:00', 1, 23, 2, 1, 11, 0, 0, '', 0),
(75, 'Tuesday', '2022-07-05 11:30:00', '2022-07-05 14:00:00', 2, 23, 1, 1, 10, 0, 0, '', 0),
(76, 'Tuesday', '2022-07-05 11:30:00', '2022-07-05 14:00:00', 2, 23, 2, 1, 11, 0, 0, '', 0),
(77, 'Tuesday', '2022-07-05 14:00:00', '2022-07-05 17:00:00', 3, 23, 1, 1, 10, 0, 0, '', 0),
(78, 'Tuesday', '2022-07-05 14:00:00', '2022-07-05 17:00:00', 3, 23, 2, 1, 11, 0, 0, '', 0),
(79, 'Tuesday', '2022-07-12 08:30:00', '2022-07-12 11:30:00', 1, 23, 1, 1, 10, 0, 0, '', 0),
(80, 'Tuesday', '2022-07-12 08:30:00', '2022-07-12 11:30:00', 1, 23, 2, 1, 11, 0, 0, '', 0),
(81, 'Tuesday', '2022-07-12 11:30:00', '2022-07-12 14:00:00', 2, 23, 1, 1, 10, 0, 0, '', 0),
(82, 'Tuesday', '2022-07-12 11:30:00', '2022-07-12 14:00:00', 2, 23, 2, 1, 11, 0, 0, '', 0),
(83, 'Tuesday', '2022-07-12 14:00:00', '2022-07-12 17:00:00', 3, 23, 1, 1, 10, 0, 0, '', 0),
(84, 'Tuesday', '2022-07-12 14:00:00', '2022-07-12 17:00:00', 3, 23, 2, 1, 11, 0, 0, '', 0),
(85, 'Tuesday', '2022-07-19 08:30:00', '2022-07-19 11:30:00', 1, 23, 1, 1, 10, 0, 0, '', 0),
(86, 'Tuesday', '2022-07-19 08:30:00', '2022-07-19 11:30:00', 1, 23, 2, 1, 11, 0, 0, '', 0),
(87, 'Tuesday', '2022-07-19 11:30:00', '2022-07-19 14:00:00', 2, 23, 1, 1, 10, 0, 0, '', 0),
(88, 'Tuesday', '2022-07-19 11:30:00', '2022-07-19 14:00:00', 2, 23, 2, 1, 11, 0, 0, '', 0),
(89, 'Tuesday', '2022-07-19 14:00:00', '2022-07-19 17:00:00', 3, 23, 1, 1, 10, 0, 0, '', 0),
(90, 'Tuesday', '2022-07-19 14:00:00', '2022-07-19 17:00:00', 3, 23, 2, 1, 11, 0, 0, '', 0),
(91, 'Tuesday', '2022-07-26 08:30:00', '2022-07-26 11:30:00', 1, 23, 1, 1, 10, 0, 0, '', 0),
(92, 'Tuesday', '2022-07-26 08:30:00', '2022-07-26 11:30:00', 1, 23, 2, 1, 11, 0, 0, '', 0),
(93, 'Tuesday', '2022-07-26 11:30:00', '2022-07-26 14:00:00', 2, 23, 1, 1, 10, 0, 0, '', 0),
(94, 'Tuesday', '2022-07-26 11:30:00', '2022-07-26 14:00:00', 2, 23, 2, 1, 11, 0, 0, '', 0),
(95, 'Tuesday', '2022-07-26 14:00:00', '2022-07-26 17:00:00', 3, 23, 1, 1, 10, 0, 0, '', 0),
(96, 'Tuesday', '2022-07-26 14:00:00', '2022-07-26 17:00:00', 3, 23, 2, 1, 11, 0, 0, '', 0),
(97, 'Wednesday', '2022-06-01 08:30:00', '2022-06-01 11:30:00', 1, 23, 1, 1, 10, 0, 0, '', 0),
(98, 'Wednesday', '2022-06-01 08:30:00', '2022-06-01 11:30:00', 1, 23, 2, 1, 11, 0, 0, '', 0),
(99, 'Wednesday', '2022-06-01 11:30:00', '2022-06-01 14:00:00', 2, 23, 1, 1, 10, 0, 0, '', 0),
(100, 'Wednesday', '2022-06-01 11:30:00', '2022-06-01 14:00:00', 2, 23, 2, 1, 11, 0, 0, '', 0),
(101, 'Wednesday', '2022-06-01 14:00:00', '2022-06-01 17:00:00', 3, 23, 1, 1, 10, 0, 0, '', 0),
(102, 'Wednesday', '2022-06-01 14:00:00', '2022-06-01 17:00:00', 3, 23, 2, 1, 11, 0, 0, '', 0),
(103, 'Wednesday', '2022-06-08 08:30:00', '2022-06-08 11:30:00', 1, 23, 1, 1, 10, 0, 0, '', 0),
(104, 'Wednesday', '2022-06-08 08:30:00', '2022-06-08 11:30:00', 1, 23, 2, 1, 11, 0, 0, '', 0),
(105, 'Wednesday', '2022-06-08 11:30:00', '2022-06-08 14:00:00', 2, 23, 1, 1, 10, 0, 0, '', 0),
(106, 'Wednesday', '2022-06-08 11:30:00', '2022-06-08 14:00:00', 2, 23, 2, 1, 11, 0, 0, '', 0),
(107, 'Wednesday', '2022-06-08 14:00:00', '2022-06-08 17:00:00', 3, 23, 1, 1, 10, 0, 0, '', 0),
(108, 'Wednesday', '2022-06-08 14:00:00', '2022-06-08 17:00:00', 3, 23, 2, 1, 11, 0, 0, '', 0),
(109, 'Wednesday', '2022-06-15 08:30:00', '2022-06-15 11:30:00', 1, 23, 1, 1, 10, 0, 0, '', 0),
(110, 'Wednesday', '2022-06-15 08:30:00', '2022-06-15 11:30:00', 1, 23, 2, 1, 11, 0, 0, '', 0),
(111, 'Wednesday', '2022-06-15 11:30:00', '2022-06-15 14:00:00', 2, 23, 1, 1, 10, 0, 0, '', 0),
(112, 'Wednesday', '2022-06-15 11:30:00', '2022-06-15 14:00:00', 2, 23, 2, 1, 11, 0, 0, '', 0),
(113, 'Wednesday', '2022-06-15 14:00:00', '2022-06-15 17:00:00', 3, 23, 1, 1, 10, 0, 0, '', 0),
(114, 'Wednesday', '2022-06-15 14:00:00', '2022-06-15 17:00:00', 3, 23, 2, 1, 11, 0, 0, '', 0),
(115, 'Wednesday', '2022-06-22 08:30:00', '2022-06-22 11:30:00', 1, 23, 1, 1, 10, 0, 0, '', 0),
(116, 'Wednesday', '2022-06-22 08:30:00', '2022-06-22 11:30:00', 1, 23, 2, 1, 11, 0, 0, '', 0),
(117, 'Wednesday', '2022-06-22 11:30:00', '2022-06-22 14:00:00', 2, 23, 1, 1, 10, 0, 0, '', 0),
(118, 'Wednesday', '2022-06-22 11:30:00', '2022-06-22 14:00:00', 2, 23, 2, 1, 11, 0, 0, '', 0),
(119, 'Wednesday', '2022-06-22 14:00:00', '2022-06-22 17:00:00', 3, 23, 1, 1, 10, 0, 0, '', 0),
(120, 'Wednesday', '2022-06-22 14:00:00', '2022-06-22 17:00:00', 3, 23, 2, 1, 11, 0, 0, '', 0),
(121, 'Wednesday', '2022-06-29 08:30:00', '2022-06-29 11:30:00', 1, 23, 1, 1, 10, 0, 0, '', 0),
(122, 'Wednesday', '2022-06-29 08:30:00', '2022-06-29 11:30:00', 1, 23, 2, 1, 11, 0, 0, '', 0),
(123, 'Wednesday', '2022-06-29 11:30:00', '2022-06-29 14:00:00', 2, 23, 1, 1, 10, 0, 0, '', 0),
(124, 'Wednesday', '2022-06-29 11:30:00', '2022-06-29 14:00:00', 2, 23, 2, 1, 11, 0, 0, '', 0),
(125, 'Wednesday', '2022-06-29 14:00:00', '2022-06-29 17:00:00', 3, 23, 1, 1, 10, 0, 0, '', 0),
(126, 'Wednesday', '2022-06-29 14:00:00', '2022-06-29 17:00:00', 3, 23, 2, 1, 11, 0, 0, '', 0),
(127, 'Wednesday', '2022-07-06 08:30:00', '2022-07-06 11:30:00', 1, 23, 1, 1, 10, 0, 0, '', 0),
(128, 'Wednesday', '2022-07-06 08:30:00', '2022-07-06 11:30:00', 1, 23, 2, 1, 11, 0, 0, '', 0),
(129, 'Wednesday', '2022-07-06 11:30:00', '2022-07-06 14:00:00', 2, 23, 1, 1, 10, 0, 0, '', 0),
(130, 'Wednesday', '2022-07-06 11:30:00', '2022-07-06 14:00:00', 2, 23, 2, 1, 11, 0, 0, '', 0),
(131, 'Wednesday', '2022-07-06 14:00:00', '2022-07-06 17:00:00', 3, 23, 1, 1, 10, 0, 0, '', 0),
(132, 'Wednesday', '2022-07-06 14:00:00', '2022-07-06 17:00:00', 3, 23, 2, 1, 11, 0, 0, '', 0),
(133, 'Wednesday', '2022-07-13 08:30:00', '2022-07-13 11:30:00', 1, 23, 1, 1, 10, 0, 0, '', 0),
(134, 'Wednesday', '2022-07-13 08:30:00', '2022-07-13 11:30:00', 1, 23, 2, 1, 11, 0, 0, '', 0),
(135, 'Wednesday', '2022-07-13 11:30:00', '2022-07-13 14:00:00', 2, 23, 1, 1, 10, 0, 0, '', 0),
(136, 'Wednesday', '2022-07-13 11:30:00', '2022-07-13 14:00:00', 2, 23, 2, 1, 11, 0, 0, '', 0),
(137, 'Wednesday', '2022-07-13 14:00:00', '2022-07-13 17:00:00', 3, 23, 1, 1, 10, 0, 0, '', 0),
(138, 'Wednesday', '2022-07-13 14:00:00', '2022-07-13 17:00:00', 3, 23, 2, 1, 11, 0, 0, '', 0),
(139, 'Wednesday', '2022-07-20 08:30:00', '2022-07-20 11:30:00', 1, 23, 1, 1, 10, 0, 0, '', 0),
(140, 'Wednesday', '2022-07-20 08:30:00', '2022-07-20 11:30:00', 1, 23, 2, 1, 11, 0, 0, '', 0),
(141, 'Wednesday', '2022-07-20 11:30:00', '2022-07-20 14:00:00', 2, 23, 1, 1, 10, 0, 0, '', 0),
(142, 'Wednesday', '2022-07-20 11:30:00', '2022-07-20 14:00:00', 2, 23, 2, 1, 11, 0, 0, '', 0),
(143, 'Wednesday', '2022-07-20 14:00:00', '2022-07-20 17:00:00', 3, 23, 1, 1, 10, 0, 0, '', 0),
(144, 'Wednesday', '2022-07-20 14:00:00', '2022-07-20 17:00:00', 3, 23, 2, 1, 11, 0, 0, '', 0),
(145, 'Wednesday', '2022-07-27 08:30:00', '2022-07-27 11:30:00', 1, 23, 1, 1, 10, 0, 0, '', 0),
(146, 'Wednesday', '2022-07-27 08:30:00', '2022-07-27 11:30:00', 1, 23, 2, 1, 11, 0, 0, '', 0),
(147, 'Wednesday', '2022-07-27 11:30:00', '2022-07-27 14:00:00', 2, 23, 1, 1, 10, 0, 0, '', 0),
(148, 'Wednesday', '2022-07-27 11:30:00', '2022-07-27 14:00:00', 2, 23, 2, 1, 11, 0, 0, '', 0),
(149, 'Wednesday', '2022-07-27 14:00:00', '2022-07-27 17:00:00', 3, 23, 1, 1, 10, 0, 0, '', 0),
(150, 'Wednesday', '2022-07-27 14:00:00', '2022-07-27 17:00:00', 3, 23, 2, 1, 11, 0, 0, '', 0),
(151, 'Thursday', '2022-06-02 08:30:00', '2022-06-02 11:30:00', 1, 23, 1, 1, 10, 0, 0, '', 0),
(152, 'Thursday', '2022-06-02 08:30:00', '2022-06-02 11:30:00', 1, 23, 2, 1, 11, 0, 0, '', 0),
(153, 'Thursday', '2022-06-02 11:30:00', '2022-06-02 14:00:00', 2, 23, 1, 1, 10, 0, 0, '', 0),
(154, 'Thursday', '2022-06-02 11:30:00', '2022-06-02 14:00:00', 2, 23, 2, 1, 11, 0, 0, '', 0),
(155, 'Thursday', '2022-06-02 14:00:00', '2022-06-02 17:00:00', 3, 23, 1, 1, 10, 0, 0, '', 0),
(156, 'Thursday', '2022-06-02 14:00:00', '2022-06-02 17:00:00', 3, 23, 2, 1, 11, 0, 0, '', 0),
(157, 'Thursday', '2022-06-09 08:30:00', '2022-06-09 11:30:00', 1, 23, 1, 1, 10, 0, 0, '', 0),
(158, 'Thursday', '2022-06-09 08:30:00', '2022-06-09 11:30:00', 1, 23, 2, 1, 11, 0, 0, '', 0),
(159, 'Thursday', '2022-06-09 11:30:00', '2022-06-09 14:00:00', 2, 23, 1, 1, 10, 0, 0, '', 0),
(160, 'Thursday', '2022-06-09 11:30:00', '2022-06-09 14:00:00', 2, 23, 2, 1, 11, 0, 0, '', 0),
(161, 'Thursday', '2022-06-09 14:00:00', '2022-06-09 17:00:00', 3, 23, 1, 1, 10, 0, 0, '', 0),
(162, 'Thursday', '2022-06-09 14:00:00', '2022-06-09 17:00:00', 3, 23, 2, 1, 11, 0, 0, '', 0),
(163, 'Thursday', '2022-06-16 08:30:00', '2022-06-16 11:30:00', 1, 23, 1, 1, 10, 0, 0, '', 0),
(164, 'Thursday', '2022-06-16 08:30:00', '2022-06-16 11:30:00', 1, 23, 2, 1, 11, 0, 0, '', 0),
(165, 'Thursday', '2022-06-16 11:30:00', '2022-06-16 14:00:00', 2, 23, 1, 1, 10, 0, 0, '', 0),
(166, 'Thursday', '2022-06-16 11:30:00', '2022-06-16 14:00:00', 2, 23, 2, 1, 11, 0, 0, '', 0),
(167, 'Thursday', '2022-06-16 14:00:00', '2022-06-16 17:00:00', 3, 23, 1, 1, 10, 0, 0, '', 0),
(168, 'Thursday', '2022-06-16 14:00:00', '2022-06-16 17:00:00', 3, 23, 2, 1, 11, 0, 0, '', 0),
(169, 'Thursday', '2022-06-23 08:30:00', '2022-06-23 11:30:00', 1, 23, 1, 1, 10, 0, 0, '', 0),
(170, 'Thursday', '2022-06-23 08:30:00', '2022-06-23 11:30:00', 1, 23, 2, 1, 11, 0, 0, '', 0),
(171, 'Thursday', '2022-06-23 11:30:00', '2022-06-23 14:00:00', 2, 23, 1, 1, 10, 0, 0, '', 0),
(172, 'Thursday', '2022-06-23 11:30:00', '2022-06-23 14:00:00', 2, 23, 2, 1, 11, 0, 0, '', 0),
(173, 'Thursday', '2022-06-23 14:00:00', '2022-06-23 17:00:00', 3, 23, 1, 1, 10, 0, 0, '', 0),
(174, 'Thursday', '2022-06-23 14:00:00', '2022-06-23 17:00:00', 3, 23, 2, 1, 11, 0, 0, '', 0),
(175, 'Thursday', '2022-06-30 08:30:00', '2022-06-30 11:30:00', 1, 23, 1, 1, 10, 0, 0, '', 0),
(176, 'Thursday', '2022-06-30 08:30:00', '2022-06-30 11:30:00', 1, 23, 2, 1, 11, 0, 0, '', 0),
(177, 'Thursday', '2022-06-30 11:30:00', '2022-06-30 14:00:00', 2, 23, 1, 1, 10, 0, 0, '', 0),
(178, 'Thursday', '2022-06-30 11:30:00', '2022-06-30 14:00:00', 2, 23, 2, 1, 11, 0, 0, '', 0),
(179, 'Thursday', '2022-06-30 14:00:00', '2022-06-30 17:00:00', 3, 23, 1, 1, 10, 0, 0, '', 0),
(180, 'Thursday', '2022-06-30 14:00:00', '2022-06-30 17:00:00', 3, 23, 2, 1, 11, 0, 0, '', 0),
(181, 'Thursday', '2022-07-07 08:30:00', '2022-07-07 11:30:00', 1, 23, 1, 1, 10, 0, 0, '', 0),
(182, 'Thursday', '2022-07-07 08:30:00', '2022-07-07 11:30:00', 1, 23, 2, 1, 11, 0, 0, '', 0),
(183, 'Thursday', '2022-07-07 11:30:00', '2022-07-07 14:00:00', 2, 23, 1, 1, 10, 0, 0, '', 0),
(184, 'Thursday', '2022-07-07 11:30:00', '2022-07-07 14:00:00', 2, 23, 2, 1, 11, 0, 0, '', 0),
(185, 'Thursday', '2022-07-07 14:00:00', '2022-07-07 17:00:00', 3, 23, 1, 1, 10, 0, 0, '', 0),
(186, 'Thursday', '2022-07-07 14:00:00', '2022-07-07 17:00:00', 3, 23, 2, 1, 11, 0, 0, '', 0),
(187, 'Thursday', '2022-07-14 08:30:00', '2022-07-14 11:30:00', 1, 23, 1, 1, 10, 0, 0, '', 0),
(188, 'Thursday', '2022-07-14 08:30:00', '2022-07-14 11:30:00', 1, 23, 2, 1, 11, 0, 0, '', 0),
(189, 'Thursday', '2022-07-14 11:30:00', '2022-07-14 14:00:00', 2, 23, 1, 1, 10, 0, 0, '', 0),
(190, 'Thursday', '2022-07-14 11:30:00', '2022-07-14 14:00:00', 2, 23, 2, 1, 11, 0, 0, '', 0),
(191, 'Thursday', '2022-07-14 14:00:00', '2022-07-14 17:00:00', 3, 23, 1, 1, 10, 0, 0, '', 0),
(192, 'Thursday', '2022-07-14 14:00:00', '2022-07-14 17:00:00', 3, 23, 2, 1, 11, 0, 0, '', 0),
(193, 'Thursday', '2022-07-21 08:30:00', '2022-07-21 11:30:00', 1, 23, 1, 1, 10, 0, 0, '', 0),
(194, 'Thursday', '2022-07-21 08:30:00', '2022-07-21 11:30:00', 1, 23, 2, 1, 11, 0, 0, '', 0),
(195, 'Thursday', '2022-07-21 11:30:00', '2022-07-21 14:00:00', 2, 23, 1, 1, 10, 0, 0, '', 0),
(196, 'Thursday', '2022-07-21 11:30:00', '2022-07-21 14:00:00', 2, 23, 2, 1, 11, 0, 0, '', 0),
(197, 'Thursday', '2022-07-21 14:00:00', '2022-07-21 17:00:00', 3, 23, 1, 1, 10, 0, 0, '', 0),
(198, 'Thursday', '2022-07-21 14:00:00', '2022-07-21 17:00:00', 3, 23, 2, 1, 11, 0, 0, '', 0),
(199, 'Thursday', '2022-07-28 08:30:00', '2022-07-28 11:30:00', 1, 23, 1, 1, 10, 0, 0, '', 0),
(200, 'Thursday', '2022-07-28 08:30:00', '2022-07-28 11:30:00', 1, 23, 2, 1, 11, 0, 0, '', 0),
(201, 'Thursday', '2022-07-28 11:30:00', '2022-07-28 14:00:00', 2, 23, 1, 1, 10, 0, 0, '', 0),
(202, 'Thursday', '2022-07-28 11:30:00', '2022-07-28 14:00:00', 2, 23, 2, 1, 11, 0, 0, '', 0),
(203, 'Thursday', '2022-07-28 14:00:00', '2022-07-28 17:00:00', 3, 23, 1, 1, 10, 0, 0, '', 0),
(204, 'Thursday', '2022-07-28 14:00:00', '2022-07-28 17:00:00', 3, 23, 2, 1, 11, 0, 0, '', 0),
(205, 'Friday', '2022-06-03 08:30:00', '2022-06-03 11:30:00', 1, 23, 1, 1, 10, 0, 0, '', 0),
(206, 'Friday', '2022-06-03 08:30:00', '2022-06-03 11:30:00', 1, 23, 2, 1, 11, 0, 0, '', 0),
(207, 'Friday', '2022-06-03 11:30:00', '2022-06-03 14:00:00', 2, 23, 1, 1, 10, 0, 0, '', 0),
(208, 'Friday', '2022-06-03 11:30:00', '2022-06-03 14:00:00', 2, 23, 2, 1, 11, 0, 0, '', 0),
(209, 'Friday', '2022-06-03 14:00:00', '2022-06-03 17:00:00', 3, 23, 1, 1, 10, 0, 0, '', 0),
(210, 'Friday', '2022-06-03 14:00:00', '2022-06-03 17:00:00', 3, 23, 2, 1, 11, 0, 0, '', 0),
(211, 'Friday', '2022-06-10 08:30:00', '2022-06-10 11:30:00', 1, 23, 1, 1, 10, 0, 0, '', 0),
(212, 'Friday', '2022-06-10 08:30:00', '2022-06-10 11:30:00', 1, 23, 2, 1, 11, 0, 0, '', 0),
(213, 'Friday', '2022-06-10 11:30:00', '2022-06-10 14:00:00', 2, 23, 1, 1, 10, 0, 0, '', 0),
(214, 'Friday', '2022-06-10 11:30:00', '2022-06-10 14:00:00', 2, 23, 2, 1, 11, 0, 0, '', 0),
(215, 'Friday', '2022-06-10 14:00:00', '2022-06-10 17:00:00', 3, 23, 1, 1, 10, 0, 0, '', 0),
(216, 'Friday', '2022-06-10 14:00:00', '2022-06-10 17:00:00', 3, 23, 2, 1, 11, 0, 0, '', 0),
(217, 'Friday', '2022-06-17 08:30:00', '2022-06-17 11:30:00', 1, 23, 1, 1, 10, 0, 0, '', 0),
(218, 'Friday', '2022-06-17 08:30:00', '2022-06-17 11:30:00', 1, 23, 2, 1, 11, 0, 0, '', 0),
(219, 'Friday', '2022-06-17 11:30:00', '2022-06-17 14:00:00', 2, 23, 1, 1, 10, 0, 0, '', 0),
(220, 'Friday', '2022-06-17 11:30:00', '2022-06-17 14:00:00', 2, 23, 2, 1, 11, 0, 0, '', 0),
(221, 'Friday', '2022-06-17 14:00:00', '2022-06-17 17:00:00', 3, 23, 1, 1, 10, 0, 0, '', 0),
(222, 'Friday', '2022-06-17 14:00:00', '2022-06-17 17:00:00', 3, 23, 2, 1, 11, 0, 0, '', 0),
(223, 'Friday', '2022-06-24 08:30:00', '2022-06-24 11:30:00', 1, 23, 1, 1, 10, 0, 0, '', 0),
(224, 'Friday', '2022-06-24 08:30:00', '2022-06-24 11:30:00', 1, 23, 2, 1, 11, 0, 0, '', 0),
(225, 'Friday', '2022-06-24 11:30:00', '2022-06-24 14:00:00', 2, 23, 1, 1, 10, 0, 0, '', 0),
(226, 'Friday', '2022-06-24 11:30:00', '2022-06-24 14:00:00', 2, 23, 2, 1, 11, 0, 0, '', 0),
(227, 'Friday', '2022-06-24 14:00:00', '2022-06-24 17:00:00', 3, 23, 1, 1, 10, 0, 0, '', 0),
(228, 'Friday', '2022-06-24 14:00:00', '2022-06-24 17:00:00', 3, 23, 2, 1, 11, 0, 0, '', 0),
(229, 'Friday', '2022-07-01 08:30:00', '2022-07-01 11:30:00', 1, 23, 1, 1, 10, 0, 0, '', 0),
(230, 'Friday', '2022-07-01 08:30:00', '2022-07-01 11:30:00', 1, 23, 2, 1, 11, 0, 0, '', 0),
(231, 'Friday', '2022-07-01 11:30:00', '2022-07-01 14:00:00', 2, 23, 1, 1, 10, 0, 0, '', 0),
(232, 'Friday', '2022-07-01 11:30:00', '2022-07-01 14:00:00', 2, 23, 2, 1, 11, 0, 0, '', 0),
(233, 'Friday', '2022-07-01 14:00:00', '2022-07-01 17:00:00', 3, 23, 1, 1, 10, 0, 0, '', 0),
(234, 'Friday', '2022-07-01 14:00:00', '2022-07-01 17:00:00', 3, 23, 2, 1, 11, 0, 0, '', 0),
(235, 'Friday', '2022-07-08 08:30:00', '2022-07-08 11:30:00', 1, 23, 1, 1, 10, 0, 0, '', 0),
(236, 'Friday', '2022-07-08 08:30:00', '2022-07-08 11:30:00', 1, 23, 2, 1, 11, 0, 0, '', 0),
(237, 'Friday', '2022-07-08 11:30:00', '2022-07-08 14:00:00', 2, 23, 1, 1, 10, 0, 0, '', 0),
(238, 'Friday', '2022-07-08 11:30:00', '2022-07-08 14:00:00', 2, 23, 2, 1, 11, 0, 0, '', 0),
(239, 'Friday', '2022-07-08 14:00:00', '2022-07-08 17:00:00', 3, 23, 1, 1, 10, 0, 0, '', 0),
(240, 'Friday', '2022-07-08 14:00:00', '2022-07-08 17:00:00', 3, 23, 2, 1, 11, 0, 0, '', 0),
(241, 'Friday', '2022-07-15 08:30:00', '2022-07-15 11:30:00', 1, 23, 1, 1, 10, 0, 0, '', 0),
(242, 'Friday', '2022-07-15 08:30:00', '2022-07-15 11:30:00', 1, 23, 2, 1, 11, 0, 0, '', 0),
(243, 'Friday', '2022-07-15 11:30:00', '2022-07-15 14:00:00', 2, 23, 1, 1, 10, 0, 0, '', 0),
(244, 'Friday', '2022-07-15 11:30:00', '2022-07-15 14:00:00', 2, 23, 2, 1, 11, 0, 0, '', 0),
(245, 'Friday', '2022-07-15 14:00:00', '2022-07-15 17:00:00', 3, 23, 1, 1, 10, 0, 0, '', 0),
(246, 'Friday', '2022-07-15 14:00:00', '2022-07-15 17:00:00', 3, 23, 2, 1, 11, 0, 0, '', 0),
(247, 'Friday', '2022-07-22 08:30:00', '2022-07-22 11:30:00', 1, 23, 1, 1, 10, 0, 0, '', 0),
(248, 'Friday', '2022-07-22 08:30:00', '2022-07-22 11:30:00', 1, 23, 2, 1, 11, 0, 0, '', 0),
(249, 'Friday', '2022-07-22 11:30:00', '2022-07-22 14:00:00', 2, 23, 1, 1, 10, 0, 0, '', 0),
(250, 'Friday', '2022-07-22 11:30:00', '2022-07-22 14:00:00', 2, 23, 2, 1, 11, 0, 0, '', 0),
(251, 'Friday', '2022-07-22 14:00:00', '2022-07-22 17:00:00', 3, 23, 1, 1, 10, 0, 0, '', 0),
(252, 'Friday', '2022-07-22 14:00:00', '2022-07-22 17:00:00', 3, 23, 2, 1, 11, 0, 0, '', 0),
(253, 'Friday', '2022-07-29 08:30:00', '2022-07-29 11:30:00', 1, 23, 1, 1, 10, 0, 0, '', 0),
(254, 'Friday', '2022-07-29 08:30:00', '2022-07-29 11:30:00', 1, 23, 2, 1, 11, 0, 0, '', 0),
(255, 'Friday', '2022-07-29 11:30:00', '2022-07-29 14:00:00', 2, 23, 1, 1, 10, 0, 0, '', 0),
(256, 'Friday', '2022-07-29 11:30:00', '2022-07-29 14:00:00', 2, 23, 2, 1, 11, 0, 0, '', 0),
(257, 'Friday', '2022-07-29 14:00:00', '2022-07-29 17:00:00', 3, 23, 1, 1, 10, 0, 0, '', 0),
(258, 'Friday', '2022-07-29 14:00:00', '2022-07-29 17:00:00', 3, 23, 2, 1, 11, 0, 0, '', 0),
(259, 'Saturday', '2022-06-04 08:30:00', '2022-06-04 11:30:00', 1, 23, 1, 1, 10, 0, 0, '', 0),
(260, 'Saturday', '2022-06-04 08:30:00', '2022-06-04 11:30:00', 1, 23, 2, 1, 11, 0, 0, '', 0),
(261, 'Saturday', '2022-06-04 11:30:00', '2022-06-04 14:00:00', 2, 23, 1, 1, 10, 0, 0, '', 0),
(262, 'Saturday', '2022-06-04 11:30:00', '2022-06-04 14:00:00', 2, 23, 2, 1, 11, 0, 0, '', 0),
(263, 'Saturday', '2022-06-11 08:30:00', '2022-06-11 11:30:00', 1, 23, 1, 1, 10, 0, 0, '', 0),
(264, 'Saturday', '2022-06-11 08:30:00', '2022-06-11 11:30:00', 1, 23, 2, 1, 11, 0, 0, '', 0),
(265, 'Saturday', '2022-06-11 11:30:00', '2022-06-11 14:00:00', 2, 23, 1, 1, 10, 0, 0, '', 0),
(266, 'Saturday', '2022-06-11 11:30:00', '2022-06-11 14:00:00', 2, 23, 2, 1, 11, 0, 0, '', 0),
(267, 'Saturday', '2022-06-18 08:30:00', '2022-06-18 11:30:00', 1, 23, 1, 1, 10, 0, 0, '', 0),
(268, 'Saturday', '2022-06-18 08:30:00', '2022-06-18 11:30:00', 1, 23, 2, 1, 11, 0, 0, '', 0),
(269, 'Saturday', '2022-06-18 11:30:00', '2022-06-18 14:00:00', 2, 23, 1, 1, 10, 0, 0, '', 0),
(270, 'Saturday', '2022-06-18 11:30:00', '2022-06-18 14:00:00', 2, 23, 2, 1, 11, 0, 0, '', 0),
(271, 'Saturday', '2022-06-25 08:30:00', '2022-06-25 11:30:00', 1, 23, 1, 1, 10, 0, 0, '', 0),
(272, 'Saturday', '2022-06-25 08:30:00', '2022-06-25 11:30:00', 1, 23, 2, 1, 11, 0, 0, '', 0),
(273, 'Saturday', '2022-06-25 11:30:00', '2022-06-25 14:00:00', 2, 23, 1, 1, 10, 0, 0, '', 0),
(274, 'Saturday', '2022-06-25 11:30:00', '2022-06-25 14:00:00', 2, 23, 2, 1, 11, 0, 0, '', 0),
(275, 'Saturday', '2022-07-02 08:30:00', '2022-07-02 11:30:00', 1, 23, 1, 1, 10, 0, 0, '', 0),
(276, 'Saturday', '2022-07-02 08:30:00', '2022-07-02 11:30:00', 1, 23, 2, 1, 11, 0, 0, '', 0),
(277, 'Saturday', '2022-07-02 11:30:00', '2022-07-02 14:00:00', 2, 23, 1, 1, 10, 0, 0, '', 0),
(278, 'Saturday', '2022-07-02 11:30:00', '2022-07-02 14:00:00', 2, 23, 2, 1, 11, 0, 0, '', 0),
(279, 'Saturday', '2022-07-09 08:30:00', '2022-07-09 11:30:00', 1, 23, 1, 1, 10, 0, 0, '', 0),
(280, 'Saturday', '2022-07-09 08:30:00', '2022-07-09 11:30:00', 1, 23, 2, 1, 11, 0, 0, '', 0),
(281, 'Saturday', '2022-07-09 11:30:00', '2022-07-09 14:00:00', 2, 23, 1, 1, 10, 0, 0, '', 0),
(282, 'Saturday', '2022-07-09 11:30:00', '2022-07-09 14:00:00', 2, 23, 2, 1, 11, 0, 0, '', 0),
(283, 'Saturday', '2022-07-16 08:30:00', '2022-07-16 11:30:00', 1, 23, 1, 1, 10, 0, 0, '', 0),
(284, 'Saturday', '2022-07-16 08:30:00', '2022-07-16 11:30:00', 1, 23, 2, 1, 11, 0, 0, '', 0),
(285, 'Saturday', '2022-07-16 11:30:00', '2022-07-16 14:00:00', 2, 23, 1, 1, 10, 0, 0, '', 0),
(286, 'Saturday', '2022-07-16 11:30:00', '2022-07-16 14:00:00', 2, 23, 2, 1, 11, 0, 0, '', 0),
(287, 'Saturday', '2022-07-23 08:30:00', '2022-07-23 11:30:00', 1, 23, 1, 1, 10, 0, 0, '', 0),
(288, 'Saturday', '2022-07-23 08:30:00', '2022-07-23 11:30:00', 1, 23, 2, 1, 11, 0, 0, '', 0),
(289, 'Saturday', '2022-07-23 11:30:00', '2022-07-23 14:00:00', 2, 23, 1, 1, 10, 0, 0, '', 0),
(290, 'Saturday', '2022-07-23 11:30:00', '2022-07-23 14:00:00', 2, 23, 2, 1, 11, 0, 0, '', 0),
(291, 'Monday', '2022-06-06 08:30:00', '2022-06-06 10:30:00', 4, 22, 1, 1, 1, 0, 0, '', 0),
(292, 'Monday', '2022-06-06 08:30:00', '2022-06-06 10:30:00', 4, 26, 2, 1, 13, 0, 0, '', 0),
(293, 'Monday', '2022-06-06 08:30:00', '2022-06-06 10:30:00', 4, 27, 3, 1, 16, 0, 0, '', 0),
(294, 'Monday', '2022-06-06 10:30:00', '2022-06-06 12:30:00', 5, 22, 7, 1, 1, 0, 0, '', 0),
(295, 'Monday', '2022-06-06 10:30:00', '2022-06-06 12:30:00', 5, 26, 0, 1, 13, 0, 0, '', 0),
(296, 'Monday', '2022-06-06 10:30:00', '2022-06-06 12:30:00', 5, 27, 1, 1, 16, 0, 0, '', 0),
(297, 'Monday', '2022-06-13 08:30:00', '2022-06-13 10:30:00', 4, 22, 1, 1, 1, 0, 0, '', 0),
(298, 'Monday', '2022-06-13 08:30:00', '2022-06-13 10:30:00', 4, 26, 2, 1, 13, 0, 0, '', 0),
(299, 'Monday', '2022-06-13 08:30:00', '2022-06-13 10:30:00', 4, 27, 3, 1, 16, 0, 0, '', 0),
(300, 'Monday', '2022-06-13 10:30:00', '2022-06-13 12:30:00', 5, 22, 7, 1, 1, 0, 0, '', 0),
(301, 'Monday', '2022-06-13 10:30:00', '2022-06-13 12:30:00', 5, 26, 0, 1, 13, 0, 0, '', 0),
(302, 'Monday', '2022-06-13 10:30:00', '2022-06-13 12:30:00', 5, 27, 1, 1, 16, 0, 0, '', 0),
(303, 'Monday', '2022-06-20 08:30:00', '2022-06-20 10:30:00', 4, 22, 1, 1, 1, 0, 0, '', 0),
(304, 'Monday', '2022-06-20 08:30:00', '2022-06-20 10:30:00', 4, 26, 2, 1, 13, 0, 0, '', 0),
(305, 'Monday', '2022-06-20 08:30:00', '2022-06-20 10:30:00', 4, 27, 3, 1, 16, 0, 0, '', 0),
(306, 'Monday', '2022-06-20 10:30:00', '2022-06-20 12:30:00', 5, 22, 7, 1, 1, 0, 0, '', 0),
(307, 'Monday', '2022-06-20 10:30:00', '2022-06-20 12:30:00', 5, 26, 0, 1, 13, 0, 0, '', 0),
(308, 'Monday', '2022-06-20 10:30:00', '2022-06-20 12:30:00', 5, 27, 1, 1, 16, 0, 0, '', 0),
(309, 'Monday', '2022-06-27 08:30:00', '2022-06-27 10:30:00', 4, 22, 1, 1, 1, 0, 0, '', 0),
(310, 'Monday', '2022-06-27 08:30:00', '2022-06-27 10:30:00', 4, 26, 2, 1, 13, 0, 0, '', 0),
(311, 'Monday', '2022-06-27 08:30:00', '2022-06-27 10:30:00', 4, 27, 3, 1, 16, 0, 0, '', 0),
(312, 'Monday', '2022-06-27 10:30:00', '2022-06-27 12:30:00', 5, 22, 7, 1, 1, 0, 0, '', 0),
(313, 'Monday', '2022-06-27 10:30:00', '2022-06-27 12:30:00', 5, 26, 0, 1, 13, 0, 0, '', 0),
(314, 'Monday', '2022-06-27 10:30:00', '2022-06-27 12:30:00', 5, 27, 1, 1, 16, 0, 0, '', 0),
(315, 'Monday', '2022-07-04 08:30:00', '2022-07-04 10:30:00', 4, 22, 1, 1, 1, 0, 0, '', 0),
(316, 'Monday', '2022-07-04 08:30:00', '2022-07-04 10:30:00', 4, 26, 2, 1, 13, 0, 0, '', 0),
(317, 'Monday', '2022-07-04 08:30:00', '2022-07-04 10:30:00', 4, 27, 3, 1, 16, 0, 0, '', 0),
(318, 'Monday', '2022-07-04 10:30:00', '2022-07-04 12:30:00', 5, 22, 7, 1, 1, 0, 0, '', 0),
(319, 'Monday', '2022-07-04 10:30:00', '2022-07-04 12:30:00', 5, 26, 0, 1, 13, 0, 0, '', 0),
(320, 'Monday', '2022-07-04 10:30:00', '2022-07-04 12:30:00', 5, 27, 1, 1, 16, 0, 0, '', 0),
(321, 'Monday', '2022-07-11 08:30:00', '2022-07-11 10:30:00', 4, 22, 1, 1, 1, 0, 0, '', 0),
(322, 'Monday', '2022-07-11 08:30:00', '2022-07-11 10:30:00', 4, 26, 2, 1, 13, 0, 0, '', 0),
(323, 'Monday', '2022-07-11 08:30:00', '2022-07-11 10:30:00', 4, 27, 3, 1, 16, 0, 0, '', 0),
(324, 'Monday', '2022-07-11 10:30:00', '2022-07-11 12:30:00', 5, 22, 7, 1, 1, 0, 0, '', 0),
(325, 'Monday', '2022-07-11 10:30:00', '2022-07-11 12:30:00', 5, 26, 0, 1, 13, 0, 0, '', 0),
(326, 'Monday', '2022-07-11 10:30:00', '2022-07-11 12:30:00', 5, 27, 1, 1, 16, 0, 0, '', 0),
(327, 'Monday', '2022-07-18 08:30:00', '2022-07-18 10:30:00', 4, 22, 1, 1, 1, 0, 0, '', 0),
(328, 'Monday', '2022-07-18 08:30:00', '2022-07-18 10:30:00', 4, 26, 2, 1, 13, 0, 0, '', 0),
(329, 'Monday', '2022-07-18 08:30:00', '2022-07-18 10:30:00', 4, 27, 3, 1, 16, 0, 0, '', 0),
(330, 'Monday', '2022-07-18 10:30:00', '2022-07-18 12:30:00', 5, 22, 7, 1, 1, 0, 0, '', 0),
(331, 'Monday', '2022-07-18 10:30:00', '2022-07-18 12:30:00', 5, 26, 0, 1, 13, 0, 0, '', 0),
(332, 'Monday', '2022-07-18 10:30:00', '2022-07-18 12:30:00', 5, 27, 1, 1, 16, 0, 0, '', 0),
(333, 'Monday', '2022-07-25 08:30:00', '2022-07-25 10:30:00', 4, 22, 1, 1, 1, 0, 0, '', 0),
(334, 'Monday', '2022-07-25 08:30:00', '2022-07-25 10:30:00', 4, 26, 2, 1, 13, 0, 0, '', 0),
(335, 'Monday', '2022-07-25 08:30:00', '2022-07-25 10:30:00', 4, 27, 3, 1, 16, 0, 0, '', 0),
(336, 'Monday', '2022-07-25 10:30:00', '2022-07-25 12:30:00', 5, 22, 7, 1, 1, 0, 0, '', 0),
(337, 'Monday', '2022-07-25 10:30:00', '2022-07-25 12:30:00', 5, 26, 0, 1, 13, 0, 0, '', 0),
(338, 'Monday', '2022-07-25 10:30:00', '2022-07-25 12:30:00', 5, 27, 1, 1, 16, 0, 0, '', 0),
(339, 'Tuesday', '2022-06-07 08:30:00', '2022-06-07 10:30:00', 4, 22, 2, 1, 1, 0, 0, '', 0),
(340, 'Tuesday', '2022-06-07 08:30:00', '2022-06-07 10:30:00', 4, 26, 3, 1, 13, 0, 0, '', 0),
(341, 'Tuesday', '2022-06-07 08:30:00', '2022-06-07 10:30:00', 4, 27, 4, 1, 16, 0, 0, '', 0),
(342, 'Tuesday', '2022-06-07 10:30:00', '2022-06-07 12:30:00', 5, 22, 8, 1, 1, 0, 0, '', 0),
(343, 'Tuesday', '2022-06-07 10:30:00', '2022-06-07 12:30:00', 5, 26, 1, 1, 13, 0, 0, '', 0),
(344, 'Tuesday', '2022-06-07 10:30:00', '2022-06-07 12:30:00', 5, 27, 2, 1, 16, 0, 0, '', 0),
(345, 'Tuesday', '2022-06-14 08:30:00', '2022-06-14 10:30:00', 4, 22, 2, 1, 1, 0, 0, '', 0),
(346, 'Tuesday', '2022-06-14 08:30:00', '2022-06-14 10:30:00', 4, 26, 3, 1, 13, 0, 0, '', 0),
(347, 'Tuesday', '2022-06-14 08:30:00', '2022-06-14 10:30:00', 4, 27, 4, 1, 16, 0, 0, '', 0),
(348, 'Tuesday', '2022-06-14 10:30:00', '2022-06-14 12:30:00', 5, 22, 8, 1, 1, 0, 0, '', 0),
(349, 'Tuesday', '2022-06-14 10:30:00', '2022-06-14 12:30:00', 5, 26, 1, 1, 13, 0, 0, '', 0),
(350, 'Tuesday', '2022-06-14 10:30:00', '2022-06-14 12:30:00', 5, 27, 2, 1, 16, 0, 0, '', 0),
(351, 'Tuesday', '2022-06-21 08:30:00', '2022-06-21 10:30:00', 4, 22, 2, 1, 1, 0, 0, '', 0),
(352, 'Tuesday', '2022-06-21 08:30:00', '2022-06-21 10:30:00', 4, 26, 3, 1, 13, 0, 0, '', 0),
(353, 'Tuesday', '2022-06-21 08:30:00', '2022-06-21 10:30:00', 4, 27, 4, 1, 16, 0, 0, '', 0),
(354, 'Tuesday', '2022-06-21 10:30:00', '2022-06-21 12:30:00', 5, 22, 8, 1, 1, 0, 0, '', 0),
(355, 'Tuesday', '2022-06-21 10:30:00', '2022-06-21 12:30:00', 5, 26, 1, 1, 13, 0, 0, '', 0),
(356, 'Tuesday', '2022-06-21 10:30:00', '2022-06-21 12:30:00', 5, 27, 2, 1, 16, 0, 0, '', 0),
(357, 'Tuesday', '2022-06-28 08:30:00', '2022-06-28 10:30:00', 4, 22, 2, 1, 1, 0, 0, '', 0),
(358, 'Tuesday', '2022-06-28 08:30:00', '2022-06-28 10:30:00', 4, 26, 3, 1, 13, 0, 0, '', 0),
(359, 'Tuesday', '2022-06-28 08:30:00', '2022-06-28 10:30:00', 4, 27, 4, 1, 16, 0, 0, '', 0),
(360, 'Tuesday', '2022-06-28 10:30:00', '2022-06-28 12:30:00', 5, 22, 8, 1, 1, 0, 0, '', 0),
(361, 'Tuesday', '2022-06-28 10:30:00', '2022-06-28 12:30:00', 5, 26, 1, 1, 13, 0, 0, '', 0),
(362, 'Tuesday', '2022-06-28 10:30:00', '2022-06-28 12:30:00', 5, 27, 2, 1, 16, 0, 0, '', 0),
(363, 'Tuesday', '2022-07-05 08:30:00', '2022-07-05 10:30:00', 4, 22, 2, 1, 1, 0, 0, '', 0),
(364, 'Tuesday', '2022-07-05 08:30:00', '2022-07-05 10:30:00', 4, 26, 3, 1, 13, 0, 0, '', 0),
(365, 'Tuesday', '2022-07-05 08:30:00', '2022-07-05 10:30:00', 4, 27, 4, 1, 16, 0, 0, '', 0),
(366, 'Tuesday', '2022-07-05 10:30:00', '2022-07-05 12:30:00', 5, 22, 8, 1, 1, 0, 0, '', 0),
(367, 'Tuesday', '2022-07-05 10:30:00', '2022-07-05 12:30:00', 5, 26, 1, 1, 13, 0, 0, '', 0),
(368, 'Tuesday', '2022-07-05 10:30:00', '2022-07-05 12:30:00', 5, 27, 2, 1, 16, 0, 0, '', 0),
(369, 'Tuesday', '2022-07-12 08:30:00', '2022-07-12 10:30:00', 4, 22, 2, 1, 1, 0, 0, '', 0),
(370, 'Tuesday', '2022-07-12 08:30:00', '2022-07-12 10:30:00', 4, 26, 3, 1, 13, 0, 0, '', 0),
(371, 'Tuesday', '2022-07-12 08:30:00', '2022-07-12 10:30:00', 4, 27, 4, 1, 16, 0, 0, '', 0),
(372, 'Tuesday', '2022-07-12 10:30:00', '2022-07-12 12:30:00', 5, 22, 8, 1, 1, 0, 0, '', 0),
(373, 'Tuesday', '2022-07-12 10:30:00', '2022-07-12 12:30:00', 5, 26, 1, 1, 13, 0, 0, '', 0),
(374, 'Tuesday', '2022-07-12 10:30:00', '2022-07-12 12:30:00', 5, 27, 2, 1, 16, 0, 0, '', 0),
(375, 'Tuesday', '2022-07-19 08:30:00', '2022-07-19 10:30:00', 4, 22, 2, 1, 1, 0, 0, '', 0),
(376, 'Tuesday', '2022-07-19 08:30:00', '2022-07-19 10:30:00', 4, 26, 3, 1, 13, 0, 0, '', 0),
(377, 'Tuesday', '2022-07-19 08:30:00', '2022-07-19 10:30:00', 4, 27, 4, 1, 16, 0, 0, '', 0),
(378, 'Tuesday', '2022-07-19 10:30:00', '2022-07-19 12:30:00', 5, 22, 8, 1, 1, 0, 0, '', 0),
(379, 'Tuesday', '2022-07-19 10:30:00', '2022-07-19 12:30:00', 5, 26, 1, 1, 13, 0, 0, '', 0),
(380, 'Tuesday', '2022-07-19 10:30:00', '2022-07-19 12:30:00', 5, 27, 2, 1, 16, 0, 0, '', 0),
(381, 'Tuesday', '2022-07-26 08:30:00', '2022-07-26 10:30:00', 4, 22, 2, 1, 1, 0, 0, '', 0),
(382, 'Tuesday', '2022-07-26 08:30:00', '2022-07-26 10:30:00', 4, 26, 3, 1, 13, 0, 0, '', 0),
(383, 'Tuesday', '2022-07-26 08:30:00', '2022-07-26 10:30:00', 4, 27, 4, 1, 16, 0, 0, '', 0),
(384, 'Tuesday', '2022-07-26 10:30:00', '2022-07-26 12:30:00', 5, 22, 8, 1, 1, 0, 0, '', 0),
(385, 'Tuesday', '2022-07-26 10:30:00', '2022-07-26 12:30:00', 5, 26, 1, 1, 13, 0, 0, '', 0),
(386, 'Tuesday', '2022-07-26 10:30:00', '2022-07-26 12:30:00', 5, 27, 2, 1, 16, 0, 0, '', 0),
(387, 'Wednesday', '2022-06-01 08:30:00', '2022-06-01 10:30:00', 4, 22, 3, 1, 1, 0, 0, '', 0),
(388, 'Wednesday', '2022-06-01 08:30:00', '2022-06-01 10:30:00', 4, 26, 4, 1, 13, 0, 0, '', 0),
(389, 'Wednesday', '2022-06-01 08:30:00', '2022-06-01 10:30:00', 4, 27, 5, 1, 16, 0, 0, '', 0),
(390, 'Wednesday', '2022-06-08 08:30:00', '2022-06-08 10:30:00', 4, 22, 3, 1, 1, 0, 0, '', 0),
(391, 'Wednesday', '2022-06-08 08:30:00', '2022-06-08 10:30:00', 4, 26, 4, 1, 13, 0, 0, '', 0),
(392, 'Wednesday', '2022-06-08 08:30:00', '2022-06-08 10:30:00', 4, 27, 5, 1, 16, 0, 0, '', 0),
(393, 'Wednesday', '2022-06-15 08:30:00', '2022-06-15 10:30:00', 4, 22, 3, 1, 1, 0, 0, '', 0),
(394, 'Wednesday', '2022-06-15 08:30:00', '2022-06-15 10:30:00', 4, 26, 4, 1, 13, 0, 0, '', 0),
(395, 'Wednesday', '2022-06-15 08:30:00', '2022-06-15 10:30:00', 4, 27, 5, 1, 16, 0, 0, '', 0),
(396, 'Wednesday', '2022-06-22 08:30:00', '2022-06-22 10:30:00', 4, 22, 3, 1, 1, 0, 0, '', 0),
(397, 'Wednesday', '2022-06-22 08:30:00', '2022-06-22 10:30:00', 4, 26, 4, 1, 13, 0, 0, '', 0),
(398, 'Wednesday', '2022-06-22 08:30:00', '2022-06-22 10:30:00', 4, 27, 5, 1, 16, 0, 0, '', 0),
(399, 'Wednesday', '2022-06-29 08:30:00', '2022-06-29 10:30:00', 4, 22, 3, 1, 1, 0, 0, '', 0),
(400, 'Wednesday', '2022-06-29 08:30:00', '2022-06-29 10:30:00', 4, 26, 4, 1, 13, 0, 0, '', 0),
(401, 'Wednesday', '2022-06-29 08:30:00', '2022-06-29 10:30:00', 4, 27, 5, 1, 16, 0, 0, '', 0),
(402, 'Wednesday', '2022-07-06 08:30:00', '2022-07-06 10:30:00', 4, 22, 3, 1, 1, 0, 0, '', 0),
(403, 'Wednesday', '2022-07-06 08:30:00', '2022-07-06 10:30:00', 4, 26, 4, 1, 13, 0, 0, '', 0),
(404, 'Wednesday', '2022-07-06 08:30:00', '2022-07-06 10:30:00', 4, 27, 5, 1, 16, 0, 0, '', 0),
(405, 'Wednesday', '2022-07-13 08:30:00', '2022-07-13 10:30:00', 4, 22, 3, 1, 1, 0, 0, '', 0),
(406, 'Wednesday', '2022-07-13 08:30:00', '2022-07-13 10:30:00', 4, 26, 4, 1, 13, 0, 0, '', 0),
(407, 'Wednesday', '2022-07-13 08:30:00', '2022-07-13 10:30:00', 4, 27, 5, 1, 16, 0, 0, '', 0),
(408, 'Wednesday', '2022-07-20 08:30:00', '2022-07-20 10:30:00', 4, 22, 3, 1, 1, 0, 0, '', 0),
(409, 'Wednesday', '2022-07-20 08:30:00', '2022-07-20 10:30:00', 4, 26, 4, 1, 13, 0, 0, '', 0),
(410, 'Wednesday', '2022-07-20 08:30:00', '2022-07-20 10:30:00', 4, 27, 5, 1, 16, 0, 0, '', 0),
(411, 'Wednesday', '2022-07-27 08:30:00', '2022-07-27 10:30:00', 4, 22, 3, 1, 1, 0, 0, '', 0),
(412, 'Wednesday', '2022-07-27 08:30:00', '2022-07-27 10:30:00', 4, 26, 4, 1, 13, 0, 0, '', 0),
(413, 'Wednesday', '2022-07-27 08:30:00', '2022-07-27 10:30:00', 4, 27, 5, 1, 16, 0, 0, '', 0),
(414, 'Thursday', '2022-06-02 08:30:00', '2022-06-02 10:30:00', 4, 22, 4, 1, 1, 0, 0, '', 0),
(415, 'Thursday', '2022-06-02 08:30:00', '2022-06-02 10:30:00', 4, 26, 5, 1, 13, 0, 0, '', 0),
(416, 'Thursday', '2022-06-02 08:30:00', '2022-06-02 10:30:00', 4, 27, 6, 1, 16, 0, 0, '', 0),
(417, 'Thursday', '2022-06-09 08:30:00', '2022-06-09 10:30:00', 4, 22, 4, 1, 1, 0, 0, '', 0),
(418, 'Thursday', '2022-06-09 08:30:00', '2022-06-09 10:30:00', 4, 26, 5, 1, 13, 0, 0, '', 0),
(419, 'Thursday', '2022-06-09 08:30:00', '2022-06-09 10:30:00', 4, 27, 6, 1, 16, 0, 0, '', 0),
(420, 'Thursday', '2022-06-16 08:30:00', '2022-06-16 10:30:00', 4, 22, 4, 1, 1, 0, 0, '', 0),
(421, 'Thursday', '2022-06-16 08:30:00', '2022-06-16 10:30:00', 4, 26, 5, 1, 13, 0, 0, '', 0),
(422, 'Thursday', '2022-06-16 08:30:00', '2022-06-16 10:30:00', 4, 27, 6, 1, 16, 0, 0, '', 0),
(423, 'Thursday', '2022-06-23 08:30:00', '2022-06-23 10:30:00', 4, 22, 4, 1, 1, 0, 0, '', 0),
(424, 'Thursday', '2022-06-23 08:30:00', '2022-06-23 10:30:00', 4, 26, 5, 1, 13, 0, 0, '', 0),
(425, 'Thursday', '2022-06-23 08:30:00', '2022-06-23 10:30:00', 4, 27, 6, 1, 16, 0, 0, '', 0),
(426, 'Thursday', '2022-06-30 08:30:00', '2022-06-30 10:30:00', 4, 22, 4, 1, 1, 0, 0, '', 0),
(427, 'Thursday', '2022-06-30 08:30:00', '2022-06-30 10:30:00', 4, 26, 5, 1, 13, 0, 0, '', 0),
(428, 'Thursday', '2022-06-30 08:30:00', '2022-06-30 10:30:00', 4, 27, 6, 1, 16, 0, 0, '', 0),
(429, 'Thursday', '2022-07-07 08:30:00', '2022-07-07 10:30:00', 4, 22, 4, 1, 1, 0, 0, '', 0),
(430, 'Thursday', '2022-07-07 08:30:00', '2022-07-07 10:30:00', 4, 26, 5, 1, 13, 0, 0, '', 0),
(431, 'Thursday', '2022-07-07 08:30:00', '2022-07-07 10:30:00', 4, 27, 6, 1, 16, 0, 0, '', 0),
(432, 'Thursday', '2022-07-14 08:30:00', '2022-07-14 10:30:00', 4, 22, 4, 1, 1, 0, 0, '', 0),
(433, 'Thursday', '2022-07-14 08:30:00', '2022-07-14 10:30:00', 4, 26, 5, 1, 13, 0, 0, '', 0),
(434, 'Thursday', '2022-07-14 08:30:00', '2022-07-14 10:30:00', 4, 27, 6, 1, 16, 0, 0, '', 0),
(435, 'Thursday', '2022-07-21 08:30:00', '2022-07-21 10:30:00', 4, 22, 4, 1, 1, 0, 0, '', 0),
(436, 'Thursday', '2022-07-21 08:30:00', '2022-07-21 10:30:00', 4, 26, 5, 1, 13, 0, 0, '', 0),
(437, 'Thursday', '2022-07-21 08:30:00', '2022-07-21 10:30:00', 4, 27, 6, 1, 16, 0, 0, '', 0),
(438, 'Thursday', '2022-07-28 08:30:00', '2022-07-28 10:30:00', 4, 22, 4, 1, 1, 0, 0, '', 0),
(439, 'Thursday', '2022-07-28 08:30:00', '2022-07-28 10:30:00', 4, 26, 5, 1, 13, 0, 0, '', 0),
(440, 'Thursday', '2022-07-28 08:30:00', '2022-07-28 10:30:00', 4, 27, 6, 1, 16, 0, 0, '', 0),
(441, 'Friday', '2022-06-03 08:30:00', '2022-06-03 10:30:00', 4, 22, 5, 1, 1, 0, 0, '', 0),
(442, 'Friday', '2022-06-03 08:30:00', '2022-06-03 10:30:00', 4, 26, 6, 1, 13, 0, 0, '', 0),
(443, 'Friday', '2022-06-03 08:30:00', '2022-06-03 10:30:00', 4, 27, 7, 1, 16, 0, 0, '', 0),
(444, 'Friday', '2022-06-10 08:30:00', '2022-06-10 10:30:00', 4, 22, 5, 1, 1, 0, 0, '', 0),
(445, 'Friday', '2022-06-10 08:30:00', '2022-06-10 10:30:00', 4, 26, 6, 1, 13, 0, 0, '', 0),
(446, 'Friday', '2022-06-10 08:30:00', '2022-06-10 10:30:00', 4, 27, 7, 1, 16, 0, 0, '', 0),
(447, 'Friday', '2022-06-17 08:30:00', '2022-06-17 10:30:00', 4, 22, 5, 1, 1, 0, 0, '', 0),
(448, 'Friday', '2022-06-17 08:30:00', '2022-06-17 10:30:00', 4, 26, 6, 1, 13, 0, 0, '', 0),
(449, 'Friday', '2022-06-17 08:30:00', '2022-06-17 10:30:00', 4, 27, 7, 1, 16, 0, 0, '', 0),
(450, 'Friday', '2022-06-24 08:30:00', '2022-06-24 10:30:00', 4, 22, 5, 1, 1, 0, 0, '', 0),
(451, 'Friday', '2022-06-24 08:30:00', '2022-06-24 10:30:00', 4, 26, 6, 1, 13, 0, 0, '', 0),
(452, 'Friday', '2022-06-24 08:30:00', '2022-06-24 10:30:00', 4, 27, 7, 1, 16, 0, 0, '', 0),
(453, 'Friday', '2022-07-01 08:30:00', '2022-07-01 10:30:00', 4, 22, 5, 1, 1, 0, 0, '', 0),
(454, 'Friday', '2022-07-01 08:30:00', '2022-07-01 10:30:00', 4, 26, 6, 1, 13, 0, 0, '', 0),
(455, 'Friday', '2022-07-01 08:30:00', '2022-07-01 10:30:00', 4, 27, 7, 1, 16, 0, 0, '', 0),
(456, 'Friday', '2022-07-08 08:30:00', '2022-07-08 10:30:00', 4, 22, 5, 1, 1, 0, 0, '', 0),
(457, 'Friday', '2022-07-08 08:30:00', '2022-07-08 10:30:00', 4, 26, 6, 1, 13, 0, 0, '', 0),
(458, 'Friday', '2022-07-08 08:30:00', '2022-07-08 10:30:00', 4, 27, 7, 1, 16, 0, 0, '', 0),
(459, 'Friday', '2022-07-15 08:30:00', '2022-07-15 10:30:00', 4, 22, 5, 1, 1, 0, 0, '', 0),
(460, 'Friday', '2022-07-15 08:30:00', '2022-07-15 10:30:00', 4, 26, 6, 1, 13, 0, 0, '', 0),
(461, 'Friday', '2022-07-15 08:30:00', '2022-07-15 10:30:00', 4, 27, 7, 1, 16, 0, 0, '', 0),
(462, 'Friday', '2022-07-22 08:30:00', '2022-07-22 10:30:00', 4, 22, 5, 1, 1, 0, 0, '', 0),
(463, 'Friday', '2022-07-22 08:30:00', '2022-07-22 10:30:00', 4, 26, 6, 1, 13, 0, 0, '', 0),
(464, 'Friday', '2022-07-22 08:30:00', '2022-07-22 10:30:00', 4, 27, 7, 1, 16, 0, 0, '', 0),
(465, 'Friday', '2022-07-29 08:30:00', '2022-07-29 10:30:00', 4, 22, 5, 1, 1, 0, 0, '', 0),
(466, 'Friday', '2022-07-29 08:30:00', '2022-07-29 10:30:00', 4, 26, 6, 1, 13, 0, 0, '', 0),
(467, 'Friday', '2022-07-29 08:30:00', '2022-07-29 10:30:00', 4, 27, 7, 1, 16, 0, 0, '', 0),
(468, 'Saturday', '2022-06-04 08:30:00', '2022-06-04 10:30:00', 4, 22, 6, 1, 1, 0, 0, '', 0),
(469, 'Saturday', '2022-06-04 08:30:00', '2022-06-04 10:30:00', 4, 26, 7, 1, 13, 0, 0, '', 0),
(470, 'Saturday', '2022-06-04 08:30:00', '2022-06-04 10:30:00', 4, 27, 8, 1, 16, 0, 0, '', 0),
(471, 'Saturday', '2022-06-11 08:30:00', '2022-06-11 10:30:00', 4, 22, 6, 1, 1, 0, 0, '', 0),
(472, 'Saturday', '2022-06-11 08:30:00', '2022-06-11 10:30:00', 4, 26, 7, 1, 13, 0, 0, '', 0),
(473, 'Saturday', '2022-06-11 08:30:00', '2022-06-11 10:30:00', 4, 27, 8, 1, 16, 0, 0, '', 0),
(474, 'Saturday', '2022-06-18 08:30:00', '2022-06-18 10:30:00', 4, 22, 6, 1, 1, 0, 0, '', 0),
(475, 'Saturday', '2022-06-18 08:30:00', '2022-06-18 10:30:00', 4, 26, 7, 1, 13, 0, 0, '', 0),
(476, 'Saturday', '2022-06-18 08:30:00', '2022-06-18 10:30:00', 4, 27, 8, 1, 16, 0, 0, '', 0),
(477, 'Saturday', '2022-06-25 08:30:00', '2022-06-25 10:30:00', 4, 22, 6, 1, 1, 0, 0, '', 0),
(478, 'Saturday', '2022-06-25 08:30:00', '2022-06-25 10:30:00', 4, 26, 7, 1, 13, 0, 0, '', 0),
(479, 'Saturday', '2022-06-25 08:30:00', '2022-06-25 10:30:00', 4, 27, 8, 1, 16, 0, 0, '', 0),
(480, 'Saturday', '2022-07-02 08:30:00', '2022-07-02 10:30:00', 4, 22, 6, 1, 1, 0, 0, '', 0),
(481, 'Saturday', '2022-07-02 08:30:00', '2022-07-02 10:30:00', 4, 26, 7, 1, 13, 0, 0, '', 0),
(482, 'Saturday', '2022-07-02 08:30:00', '2022-07-02 10:30:00', 4, 27, 8, 1, 16, 0, 0, '', 0),
(483, 'Saturday', '2022-07-09 08:30:00', '2022-07-09 10:30:00', 4, 22, 6, 1, 1, 0, 0, '', 0),
(484, 'Saturday', '2022-07-09 08:30:00', '2022-07-09 10:30:00', 4, 26, 7, 1, 13, 0, 0, '', 0),
(485, 'Saturday', '2022-07-09 08:30:00', '2022-07-09 10:30:00', 4, 27, 8, 1, 16, 0, 0, '', 0),
(486, 'Saturday', '2022-07-16 08:30:00', '2022-07-16 10:30:00', 4, 22, 6, 1, 1, 0, 0, '', 0),
(487, 'Saturday', '2022-07-16 08:30:00', '2022-07-16 10:30:00', 4, 26, 7, 1, 13, 0, 0, '', 0),
(488, 'Saturday', '2022-07-16 08:30:00', '2022-07-16 10:30:00', 4, 27, 8, 1, 16, 0, 0, '', 0),
(489, 'Saturday', '2022-07-23 08:30:00', '2022-07-23 10:30:00', 4, 22, 6, 1, 1, 0, 0, '', 0),
(490, 'Saturday', '2022-07-23 08:30:00', '2022-07-23 10:30:00', 4, 26, 7, 1, 13, 0, 0, '', 0),
(491, 'Saturday', '2022-07-23 08:30:00', '2022-07-23 10:30:00', 4, 27, 8, 1, 16, 0, 0, '', 0),
(492, 'Monday', '2022-06-06 08:30:00', '2022-06-06 11:30:00', 1, 2, 1, 1, 7, 0, 0, '', 0),
(493, 'Monday', '2022-06-06 08:30:00', '2022-06-06 11:30:00', 1, 1, 1, 1, 15, 0, 0, '', 0),
(494, 'Monday', '2022-06-06 08:30:00', '2022-06-06 11:30:00', 1, 6, 1, 1, 9, 0, 0, '', 0),
(495, 'Monday', '2022-06-06 08:30:00', '2022-06-06 11:30:00', 1, 10, 1, 1, 14, 0, 0, '', 0),
(496, 'Monday', '2022-06-13 08:30:00', '2022-06-13 11:30:00', 1, 2, 1, 1, 7, 0, 0, '', 0),
(497, 'Monday', '2022-06-13 08:30:00', '2022-06-13 11:30:00', 1, 1, 1, 1, 15, 0, 0, '', 0),
(498, 'Monday', '2022-06-13 08:30:00', '2022-06-13 11:30:00', 1, 6, 1, 1, 9, 0, 0, '', 0),
(499, 'Monday', '2022-06-13 08:30:00', '2022-06-13 11:30:00', 1, 10, 1, 1, 14, 0, 0, '', 0),
(500, 'Monday', '2022-06-20 08:30:00', '2022-06-20 11:30:00', 1, 2, 1, 1, 7, 0, 0, '', 0),
(501, 'Monday', '2022-06-20 08:30:00', '2022-06-20 11:30:00', 1, 1, 1, 1, 15, 0, 0, '', 0),
(502, 'Monday', '2022-06-20 08:30:00', '2022-06-20 11:30:00', 1, 6, 1, 1, 9, 0, 0, '', 0),
(503, 'Monday', '2022-06-20 08:30:00', '2022-06-20 11:30:00', 1, 10, 1, 1, 14, 0, 0, '', 0),
(504, 'Monday', '2022-06-27 08:30:00', '2022-06-27 11:30:00', 1, 2, 1, 1, 7, 0, 0, '', 0),
(505, 'Monday', '2022-06-27 08:30:00', '2022-06-27 11:30:00', 1, 1, 1, 1, 15, 0, 0, '', 0),
(506, 'Monday', '2022-06-27 08:30:00', '2022-06-27 11:30:00', 1, 6, 1, 1, 9, 0, 0, '', 0),
(507, 'Monday', '2022-06-27 08:30:00', '2022-06-27 11:30:00', 1, 10, 1, 1, 14, 0, 0, '', 0),
(508, 'Monday', '2022-07-04 08:30:00', '2022-07-04 11:30:00', 1, 2, 1, 1, 7, 0, 0, '', 0),
(509, 'Monday', '2022-07-04 08:30:00', '2022-07-04 11:30:00', 1, 1, 1, 1, 15, 0, 0, '', 0),
(510, 'Monday', '2022-07-04 08:30:00', '2022-07-04 11:30:00', 1, 6, 1, 1, 9, 0, 0, '', 0),
(511, 'Monday', '2022-07-04 08:30:00', '2022-07-04 11:30:00', 1, 10, 1, 1, 14, 0, 0, '', 0),
(512, 'Monday', '2022-07-11 08:30:00', '2022-07-11 11:30:00', 1, 2, 1, 1, 7, 0, 0, '', 0),
(513, 'Monday', '2022-07-11 08:30:00', '2022-07-11 11:30:00', 1, 1, 1, 1, 15, 0, 0, '', 0),
(514, 'Monday', '2022-07-11 08:30:00', '2022-07-11 11:30:00', 1, 6, 1, 1, 9, 0, 0, '', 0),
(515, 'Monday', '2022-07-11 08:30:00', '2022-07-11 11:30:00', 1, 10, 1, 1, 14, 0, 0, '', 0),
(516, 'Monday', '2022-07-18 08:30:00', '2022-07-18 11:30:00', 1, 2, 1, 1, 7, 0, 0, '', 0),
(517, 'Monday', '2022-07-18 08:30:00', '2022-07-18 11:30:00', 1, 1, 1, 1, 15, 0, 0, '', 0),
(518, 'Monday', '2022-07-18 08:30:00', '2022-07-18 11:30:00', 1, 6, 1, 1, 9, 0, 0, '', 0),
(519, 'Monday', '2022-07-18 08:30:00', '2022-07-18 11:30:00', 1, 10, 1, 1, 14, 0, 0, '', 0),
(520, 'Monday', '2022-07-25 08:30:00', '2022-07-25 11:30:00', 1, 2, 1, 1, 7, 0, 0, '', 0),
(521, 'Monday', '2022-07-25 08:30:00', '2022-07-25 11:30:00', 1, 1, 1, 1, 15, 0, 0, '', 0),
(522, 'Monday', '2022-07-25 08:30:00', '2022-07-25 11:30:00', 1, 6, 1, 1, 9, 0, 0, '', 0),
(523, 'Monday', '2022-07-25 08:30:00', '2022-07-25 11:30:00', 1, 10, 1, 1, 14, 0, 0, '', 0),
(524, 'Tuesday', '2022-06-07 08:30:00', '2022-06-07 11:30:00', 1, 2, 1, 1, 7, 0, 0, '', 0),
(525, 'Tuesday', '2022-06-07 08:30:00', '2022-06-07 11:30:00', 1, 1, 1, 1, 15, 0, 0, '', 0),
(526, 'Tuesday', '2022-06-07 08:30:00', '2022-06-07 11:30:00', 1, 6, 1, 1, 9, 0, 0, '', 0),
(527, 'Tuesday', '2022-06-07 08:30:00', '2022-06-07 11:30:00', 1, 10, 1, 1, 14, 0, 0, '', 0),
(528, 'Tuesday', '2022-06-14 08:30:00', '2022-06-14 11:30:00', 1, 2, 1, 1, 7, 0, 0, '', 0),
(529, 'Tuesday', '2022-06-14 08:30:00', '2022-06-14 11:30:00', 1, 1, 1, 1, 15, 0, 0, '', 0),
(530, 'Tuesday', '2022-06-14 08:30:00', '2022-06-14 11:30:00', 1, 6, 1, 1, 9, 0, 0, '', 0),
(531, 'Tuesday', '2022-06-14 08:30:00', '2022-06-14 11:30:00', 1, 10, 1, 1, 14, 0, 0, '', 0),
(532, 'Tuesday', '2022-06-21 08:30:00', '2022-06-21 11:30:00', 1, 2, 1, 1, 7, 0, 0, '', 0),
(533, 'Tuesday', '2022-06-21 08:30:00', '2022-06-21 11:30:00', 1, 1, 1, 1, 15, 0, 0, '', 0),
(534, 'Tuesday', '2022-06-21 08:30:00', '2022-06-21 11:30:00', 1, 6, 1, 1, 9, 0, 0, '', 0),
(535, 'Tuesday', '2022-06-21 08:30:00', '2022-06-21 11:30:00', 1, 10, 1, 1, 14, 0, 0, '', 0),
(536, 'Tuesday', '2022-06-28 08:30:00', '2022-06-28 11:30:00', 1, 2, 1, 1, 7, 0, 0, '', 0),
(537, 'Tuesday', '2022-06-28 08:30:00', '2022-06-28 11:30:00', 1, 1, 1, 1, 15, 0, 0, '', 0),
(538, 'Tuesday', '2022-06-28 08:30:00', '2022-06-28 11:30:00', 1, 6, 1, 1, 9, 0, 0, '', 0),
(539, 'Tuesday', '2022-06-28 08:30:00', '2022-06-28 11:30:00', 1, 10, 1, 1, 14, 0, 0, '', 0),
(540, 'Tuesday', '2022-07-05 08:30:00', '2022-07-05 11:30:00', 1, 2, 1, 1, 7, 0, 0, '', 0),
(541, 'Tuesday', '2022-07-05 08:30:00', '2022-07-05 11:30:00', 1, 1, 1, 1, 15, 0, 0, '', 0),
(542, 'Tuesday', '2022-07-05 08:30:00', '2022-07-05 11:30:00', 1, 6, 1, 1, 9, 0, 0, '', 0);
INSERT INTO `laballocations` (`allocationid`, `day`, `date_start`, `date_end`, `slot`, `coursecode`, `batchno`, `academicyear`, `labid`, `conduction_status`, `student_count`, `faculty_details`, `updated_by`) VALUES
(543, 'Tuesday', '2022-07-05 08:30:00', '2022-07-05 11:30:00', 1, 10, 1, 1, 14, 0, 0, '', 0),
(544, 'Tuesday', '2022-07-12 08:30:00', '2022-07-12 11:30:00', 1, 2, 1, 1, 7, 0, 0, '', 0),
(545, 'Tuesday', '2022-07-12 08:30:00', '2022-07-12 11:30:00', 1, 1, 1, 1, 15, 0, 0, '', 0),
(546, 'Tuesday', '2022-07-12 08:30:00', '2022-07-12 11:30:00', 1, 6, 1, 1, 9, 0, 0, '', 0),
(547, 'Tuesday', '2022-07-12 08:30:00', '2022-07-12 11:30:00', 1, 10, 1, 1, 14, 0, 0, '', 0),
(548, 'Tuesday', '2022-07-19 08:30:00', '2022-07-19 11:30:00', 1, 2, 1, 1, 7, 0, 0, '', 0),
(549, 'Tuesday', '2022-07-19 08:30:00', '2022-07-19 11:30:00', 1, 1, 1, 1, 15, 0, 0, '', 0),
(550, 'Tuesday', '2022-07-19 08:30:00', '2022-07-19 11:30:00', 1, 6, 1, 1, 9, 0, 0, '', 0),
(551, 'Tuesday', '2022-07-19 08:30:00', '2022-07-19 11:30:00', 1, 10, 1, 1, 14, 0, 0, '', 0),
(552, 'Tuesday', '2022-07-26 08:30:00', '2022-07-26 11:30:00', 1, 2, 1, 1, 7, 0, 0, '', 0),
(553, 'Tuesday', '2022-07-26 08:30:00', '2022-07-26 11:30:00', 1, 1, 1, 1, 15, 0, 0, '', 0),
(554, 'Tuesday', '2022-07-26 08:30:00', '2022-07-26 11:30:00', 1, 6, 1, 1, 9, 0, 0, '', 0),
(555, 'Tuesday', '2022-07-26 08:30:00', '2022-07-26 11:30:00', 1, 10, 1, 1, 14, 0, 0, '', 0),
(556, 'Wednesday', '2022-06-01 08:30:00', '2022-06-01 11:30:00', 1, 2, 1, 1, 7, 0, 0, '', 0),
(557, 'Wednesday', '2022-06-01 08:30:00', '2022-06-01 11:30:00', 1, 1, 1, 1, 15, 0, 0, '', 0),
(558, 'Wednesday', '2022-06-01 08:30:00', '2022-06-01 11:30:00', 1, 6, 1, 1, 9, 0, 0, '', 0),
(559, 'Wednesday', '2022-06-01 08:30:00', '2022-06-01 11:30:00', 1, 10, 1, 1, 14, 0, 0, '', 0),
(560, 'Wednesday', '2022-06-08 08:30:00', '2022-06-08 11:30:00', 1, 2, 1, 1, 7, 0, 0, '', 0),
(561, 'Wednesday', '2022-06-08 08:30:00', '2022-06-08 11:30:00', 1, 1, 1, 1, 15, 0, 0, '', 0),
(562, 'Wednesday', '2022-06-08 08:30:00', '2022-06-08 11:30:00', 1, 6, 1, 1, 9, 0, 0, '', 0),
(563, 'Wednesday', '2022-06-08 08:30:00', '2022-06-08 11:30:00', 1, 10, 1, 1, 14, 0, 0, '', 0),
(564, 'Wednesday', '2022-06-15 08:30:00', '2022-06-15 11:30:00', 1, 2, 1, 1, 7, 0, 0, '', 0),
(565, 'Wednesday', '2022-06-15 08:30:00', '2022-06-15 11:30:00', 1, 1, 1, 1, 15, 0, 0, '', 0),
(566, 'Wednesday', '2022-06-15 08:30:00', '2022-06-15 11:30:00', 1, 6, 1, 1, 9, 0, 0, '', 0),
(567, 'Wednesday', '2022-06-15 08:30:00', '2022-06-15 11:30:00', 1, 10, 1, 1, 14, 0, 0, '', 0),
(568, 'Wednesday', '2022-06-22 08:30:00', '2022-06-22 11:30:00', 1, 2, 1, 1, 7, 0, 0, '', 0),
(569, 'Wednesday', '2022-06-22 08:30:00', '2022-06-22 11:30:00', 1, 1, 1, 1, 15, 0, 0, '', 0),
(570, 'Wednesday', '2022-06-22 08:30:00', '2022-06-22 11:30:00', 1, 6, 1, 1, 9, 0, 0, '', 0),
(571, 'Wednesday', '2022-06-22 08:30:00', '2022-06-22 11:30:00', 1, 10, 1, 1, 14, 0, 0, '', 0),
(572, 'Wednesday', '2022-06-29 08:30:00', '2022-06-29 11:30:00', 1, 2, 1, 1, 7, 0, 0, '', 0),
(573, 'Wednesday', '2022-06-29 08:30:00', '2022-06-29 11:30:00', 1, 1, 1, 1, 15, 0, 0, '', 0),
(574, 'Wednesday', '2022-06-29 08:30:00', '2022-06-29 11:30:00', 1, 6, 1, 1, 9, 0, 0, '', 0),
(575, 'Wednesday', '2022-06-29 08:30:00', '2022-06-29 11:30:00', 1, 10, 1, 1, 14, 0, 0, '', 0),
(576, 'Wednesday', '2022-07-06 08:30:00', '2022-07-06 11:30:00', 1, 2, 1, 1, 7, 0, 0, '', 0),
(577, 'Wednesday', '2022-07-06 08:30:00', '2022-07-06 11:30:00', 1, 1, 1, 1, 15, 0, 0, '', 0),
(578, 'Wednesday', '2022-07-06 08:30:00', '2022-07-06 11:30:00', 1, 6, 1, 1, 9, 0, 0, '', 0),
(579, 'Wednesday', '2022-07-06 08:30:00', '2022-07-06 11:30:00', 1, 10, 1, 1, 14, 0, 0, '', 0),
(580, 'Wednesday', '2022-07-13 08:30:00', '2022-07-13 11:30:00', 1, 2, 1, 1, 7, 0, 0, '', 0),
(581, 'Wednesday', '2022-07-13 08:30:00', '2022-07-13 11:30:00', 1, 1, 1, 1, 15, 0, 0, '', 0),
(582, 'Wednesday', '2022-07-13 08:30:00', '2022-07-13 11:30:00', 1, 6, 1, 1, 9, 0, 0, '', 0),
(583, 'Wednesday', '2022-07-13 08:30:00', '2022-07-13 11:30:00', 1, 10, 1, 1, 14, 0, 0, '', 0),
(584, 'Wednesday', '2022-07-20 08:30:00', '2022-07-20 11:30:00', 1, 2, 1, 1, 7, 0, 0, '', 0),
(585, 'Wednesday', '2022-07-20 08:30:00', '2022-07-20 11:30:00', 1, 1, 1, 1, 15, 0, 0, '', 0),
(586, 'Wednesday', '2022-07-20 08:30:00', '2022-07-20 11:30:00', 1, 6, 1, 1, 9, 0, 0, '', 0),
(587, 'Wednesday', '2022-07-20 08:30:00', '2022-07-20 11:30:00', 1, 10, 1, 1, 14, 0, 0, '', 0),
(588, 'Wednesday', '2022-07-27 08:30:00', '2022-07-27 11:30:00', 1, 2, 1, 1, 7, 0, 0, '', 0),
(589, 'Wednesday', '2022-07-27 08:30:00', '2022-07-27 11:30:00', 1, 1, 1, 1, 15, 0, 0, '', 0),
(590, 'Wednesday', '2022-07-27 08:30:00', '2022-07-27 11:30:00', 1, 6, 1, 1, 9, 0, 0, '', 0),
(591, 'Wednesday', '2022-07-27 08:30:00', '2022-07-27 11:30:00', 1, 10, 1, 1, 14, 0, 0, '', 0),
(592, 'Thursday', '2022-06-02 08:30:00', '2022-06-02 11:30:00', 1, 2, 1, 1, 7, 0, 0, '', 0),
(593, 'Thursday', '2022-06-02 08:30:00', '2022-06-02 11:30:00', 1, 1, 1, 1, 15, 0, 0, '', 0),
(594, 'Thursday', '2022-06-02 08:30:00', '2022-06-02 11:30:00', 1, 6, 1, 1, 9, 0, 0, '', 0),
(595, 'Thursday', '2022-06-02 08:30:00', '2022-06-02 11:30:00', 1, 10, 1, 1, 14, 0, 0, '', 0),
(596, 'Thursday', '2022-06-09 08:30:00', '2022-06-09 11:30:00', 1, 2, 1, 1, 7, 0, 0, '', 0),
(597, 'Thursday', '2022-06-09 08:30:00', '2022-06-09 11:30:00', 1, 1, 1, 1, 15, 0, 0, '', 0),
(598, 'Thursday', '2022-06-09 08:30:00', '2022-06-09 11:30:00', 1, 6, 1, 1, 9, 0, 0, '', 0),
(599, 'Thursday', '2022-06-09 08:30:00', '2022-06-09 11:30:00', 1, 10, 1, 1, 14, 0, 0, '', 0),
(600, 'Thursday', '2022-06-16 08:30:00', '2022-06-16 11:30:00', 1, 2, 1, 1, 7, 0, 0, '', 0),
(601, 'Thursday', '2022-06-16 08:30:00', '2022-06-16 11:30:00', 1, 1, 1, 1, 15, 0, 0, '', 0),
(602, 'Thursday', '2022-06-16 08:30:00', '2022-06-16 11:30:00', 1, 6, 1, 1, 9, 0, 0, '', 0),
(603, 'Thursday', '2022-06-16 08:30:00', '2022-06-16 11:30:00', 1, 10, 1, 1, 14, 0, 0, '', 0),
(604, 'Thursday', '2022-06-23 08:30:00', '2022-06-23 11:30:00', 1, 2, 1, 1, 7, 0, 0, '', 0),
(605, 'Thursday', '2022-06-23 08:30:00', '2022-06-23 11:30:00', 1, 1, 1, 1, 15, 0, 0, '', 0),
(606, 'Thursday', '2022-06-23 08:30:00', '2022-06-23 11:30:00', 1, 6, 1, 1, 9, 0, 0, '', 0),
(607, 'Thursday', '2022-06-23 08:30:00', '2022-06-23 11:30:00', 1, 10, 1, 1, 14, 0, 0, '', 0),
(608, 'Thursday', '2022-06-30 08:30:00', '2022-06-30 11:30:00', 1, 2, 1, 1, 7, 0, 0, '', 0),
(609, 'Thursday', '2022-06-30 08:30:00', '2022-06-30 11:30:00', 1, 1, 1, 1, 15, 0, 0, '', 0),
(610, 'Thursday', '2022-06-30 08:30:00', '2022-06-30 11:30:00', 1, 6, 1, 1, 9, 0, 0, '', 0),
(611, 'Thursday', '2022-06-30 08:30:00', '2022-06-30 11:30:00', 1, 10, 1, 1, 14, 0, 0, '', 0),
(612, 'Thursday', '2022-07-07 08:30:00', '2022-07-07 11:30:00', 1, 2, 1, 1, 7, 0, 0, '', 0),
(613, 'Thursday', '2022-07-07 08:30:00', '2022-07-07 11:30:00', 1, 1, 1, 1, 15, 0, 0, '', 0),
(614, 'Thursday', '2022-07-07 08:30:00', '2022-07-07 11:30:00', 1, 6, 1, 1, 9, 0, 0, '', 0),
(615, 'Thursday', '2022-07-07 08:30:00', '2022-07-07 11:30:00', 1, 10, 1, 1, 14, 0, 0, '', 0),
(616, 'Thursday', '2022-07-14 08:30:00', '2022-07-14 11:30:00', 1, 2, 1, 1, 7, 0, 0, '', 0),
(617, 'Thursday', '2022-07-14 08:30:00', '2022-07-14 11:30:00', 1, 1, 1, 1, 15, 0, 0, '', 0),
(618, 'Thursday', '2022-07-14 08:30:00', '2022-07-14 11:30:00', 1, 6, 1, 1, 9, 0, 0, '', 0),
(619, 'Thursday', '2022-07-14 08:30:00', '2022-07-14 11:30:00', 1, 10, 1, 1, 14, 0, 0, '', 0),
(620, 'Thursday', '2022-07-21 08:30:00', '2022-07-21 11:30:00', 1, 2, 1, 1, 7, 0, 0, '', 0),
(621, 'Thursday', '2022-07-21 08:30:00', '2022-07-21 11:30:00', 1, 1, 1, 1, 15, 0, 0, '', 0),
(622, 'Thursday', '2022-07-21 08:30:00', '2022-07-21 11:30:00', 1, 6, 1, 1, 9, 0, 0, '', 0),
(623, 'Thursday', '2022-07-21 08:30:00', '2022-07-21 11:30:00', 1, 10, 1, 1, 14, 0, 0, '', 0),
(624, 'Thursday', '2022-07-28 08:30:00', '2022-07-28 11:30:00', 1, 2, 1, 1, 7, 0, 0, '', 0),
(625, 'Thursday', '2022-07-28 08:30:00', '2022-07-28 11:30:00', 1, 1, 1, 1, 15, 0, 0, '', 0),
(626, 'Thursday', '2022-07-28 08:30:00', '2022-07-28 11:30:00', 1, 6, 1, 1, 9, 0, 0, '', 0),
(627, 'Thursday', '2022-07-28 08:30:00', '2022-07-28 11:30:00', 1, 10, 1, 1, 14, 0, 0, '', 0),
(628, 'Monday', '2022-06-06 11:30:00', '2022-06-06 14:00:00', 2, 16, 1, 1, 7, 0, 0, '', 0),
(629, 'Monday', '2022-06-06 11:30:00', '2022-06-06 14:00:00', 2, 17, 1, 1, 4, 0, 0, '', 0),
(630, 'Monday', '2022-06-06 11:30:00', '2022-06-06 14:00:00', 2, 30, 1, 1, 6, 0, 0, '', 0),
(631, 'Monday', '2022-06-13 11:30:00', '2022-06-13 14:00:00', 2, 16, 1, 1, 7, 0, 0, '', 0),
(632, 'Monday', '2022-06-13 11:30:00', '2022-06-13 14:00:00', 2, 17, 1, 1, 4, 0, 0, '', 0),
(633, 'Monday', '2022-06-13 11:30:00', '2022-06-13 14:00:00', 2, 30, 1, 1, 6, 0, 0, '', 0),
(634, 'Monday', '2022-06-20 11:30:00', '2022-06-20 14:00:00', 2, 16, 1, 1, 7, 0, 0, '', 0),
(635, 'Monday', '2022-06-20 11:30:00', '2022-06-20 14:00:00', 2, 17, 1, 1, 4, 0, 0, '', 0),
(636, 'Monday', '2022-06-20 11:30:00', '2022-06-20 14:00:00', 2, 30, 1, 1, 6, 0, 0, '', 0),
(637, 'Monday', '2022-06-27 11:30:00', '2022-06-27 14:00:00', 2, 16, 1, 1, 7, 0, 0, '', 0),
(638, 'Monday', '2022-06-27 11:30:00', '2022-06-27 14:00:00', 2, 17, 1, 1, 4, 0, 0, '', 0),
(639, 'Monday', '2022-06-27 11:30:00', '2022-06-27 14:00:00', 2, 30, 1, 1, 6, 0, 0, '', 0),
(640, 'Monday', '2022-07-04 11:30:00', '2022-07-04 14:00:00', 2, 16, 1, 1, 7, 0, 0, '', 0),
(641, 'Monday', '2022-07-04 11:30:00', '2022-07-04 14:00:00', 2, 17, 1, 1, 4, 0, 0, '', 0),
(642, 'Monday', '2022-07-04 11:30:00', '2022-07-04 14:00:00', 2, 30, 1, 1, 6, 0, 0, '', 0),
(643, 'Monday', '2022-07-11 11:30:00', '2022-07-11 14:00:00', 2, 16, 1, 1, 7, 0, 0, '', 0),
(644, 'Monday', '2022-07-11 11:30:00', '2022-07-11 14:00:00', 2, 17, 1, 1, 4, 0, 0, '', 0),
(645, 'Monday', '2022-07-11 11:30:00', '2022-07-11 14:00:00', 2, 30, 1, 1, 6, 0, 0, '', 0),
(646, 'Monday', '2022-07-18 11:30:00', '2022-07-18 14:00:00', 2, 16, 1, 1, 7, 0, 0, '', 0),
(647, 'Monday', '2022-07-18 11:30:00', '2022-07-18 14:00:00', 2, 17, 1, 1, 4, 0, 0, '', 0),
(648, 'Monday', '2022-07-18 11:30:00', '2022-07-18 14:00:00', 2, 30, 1, 1, 6, 0, 0, '', 0),
(649, 'Monday', '2022-07-25 11:30:00', '2022-07-25 14:00:00', 2, 16, 1, 1, 7, 0, 0, '', 0),
(650, 'Monday', '2022-07-25 11:30:00', '2022-07-25 14:00:00', 2, 17, 1, 1, 4, 0, 0, '', 0),
(651, 'Monday', '2022-07-25 11:30:00', '2022-07-25 14:00:00', 2, 30, 1, 1, 6, 0, 0, '', 0),
(652, 'Tuesday', '2022-06-07 11:30:00', '2022-06-07 14:00:00', 2, 16, 1, 1, 7, 0, 0, '', 0),
(653, 'Tuesday', '2022-06-07 11:30:00', '2022-06-07 14:00:00', 2, 17, 1, 1, 4, 0, 0, '', 0),
(654, 'Tuesday', '2022-06-07 11:30:00', '2022-06-07 14:00:00', 2, 30, 1, 1, 6, 0, 0, '', 0),
(655, 'Tuesday', '2022-06-14 11:30:00', '2022-06-14 14:00:00', 2, 16, 1, 1, 7, 0, 0, '', 0),
(656, 'Tuesday', '2022-06-14 11:30:00', '2022-06-14 14:00:00', 2, 17, 1, 1, 4, 0, 0, '', 0),
(657, 'Tuesday', '2022-06-14 11:30:00', '2022-06-14 14:00:00', 2, 30, 1, 1, 6, 0, 0, '', 0),
(658, 'Tuesday', '2022-06-21 11:30:00', '2022-06-21 14:00:00', 2, 16, 1, 1, 7, 0, 0, '', 0),
(659, 'Tuesday', '2022-06-21 11:30:00', '2022-06-21 14:00:00', 2, 17, 1, 1, 4, 0, 0, '', 0),
(660, 'Tuesday', '2022-06-21 11:30:00', '2022-06-21 14:00:00', 2, 30, 1, 1, 6, 0, 0, '', 0),
(661, 'Tuesday', '2022-06-28 11:30:00', '2022-06-28 14:00:00', 2, 16, 1, 1, 7, 0, 0, '', 0),
(662, 'Tuesday', '2022-06-28 11:30:00', '2022-06-28 14:00:00', 2, 17, 1, 1, 4, 0, 0, '', 0),
(663, 'Tuesday', '2022-06-28 11:30:00', '2022-06-28 14:00:00', 2, 30, 1, 1, 6, 0, 0, '', 0),
(664, 'Tuesday', '2022-07-05 11:30:00', '2022-07-05 14:00:00', 2, 16, 1, 1, 7, 0, 0, '', 0),
(665, 'Tuesday', '2022-07-05 11:30:00', '2022-07-05 14:00:00', 2, 17, 1, 1, 4, 0, 0, '', 0),
(666, 'Tuesday', '2022-07-05 11:30:00', '2022-07-05 14:00:00', 2, 30, 1, 1, 6, 0, 0, '', 0),
(667, 'Tuesday', '2022-07-12 11:30:00', '2022-07-12 14:00:00', 2, 16, 1, 1, 7, 0, 0, '', 0),
(668, 'Tuesday', '2022-07-12 11:30:00', '2022-07-12 14:00:00', 2, 17, 1, 1, 4, 0, 0, '', 0),
(669, 'Tuesday', '2022-07-12 11:30:00', '2022-07-12 14:00:00', 2, 30, 1, 1, 6, 0, 0, '', 0),
(670, 'Tuesday', '2022-07-19 11:30:00', '2022-07-19 14:00:00', 2, 16, 1, 1, 7, 0, 0, '', 0),
(671, 'Tuesday', '2022-07-19 11:30:00', '2022-07-19 14:00:00', 2, 17, 1, 1, 4, 0, 0, '', 0),
(672, 'Tuesday', '2022-07-19 11:30:00', '2022-07-19 14:00:00', 2, 30, 1, 1, 6, 0, 0, '', 0),
(673, 'Tuesday', '2022-07-26 11:30:00', '2022-07-26 14:00:00', 2, 16, 1, 1, 7, 0, 0, '', 0),
(674, 'Tuesday', '2022-07-26 11:30:00', '2022-07-26 14:00:00', 2, 17, 1, 1, 4, 0, 0, '', 0),
(675, 'Tuesday', '2022-07-26 11:30:00', '2022-07-26 14:00:00', 2, 30, 1, 1, 6, 0, 0, '', 0),
(676, '5Monday', '2022-07-04 11:30:00', '2022-07-04 14:00:00', 2, 3, 1, 1, 15, 0, 0, '', 0),
(677, '5Monday', '2022-07-04 11:30:00', '2022-07-04 14:00:00', 2, 5, 0, 1, 7, 0, 0, '', 0),
(678, '5Monday', '2022-07-04 11:30:00', '2022-07-04 14:00:00', 2, 9, 0, 1, 9, 0, 0, '', 0),
(679, '5Monday', '2022-07-11 11:30:00', '2022-07-11 14:00:00', 2, 3, 1, 1, 15, 0, 0, '', 0),
(680, '5Monday', '2022-07-11 11:30:00', '2022-07-11 14:00:00', 2, 5, 0, 1, 7, 0, 0, '', 0),
(681, '5Monday', '2022-07-11 11:30:00', '2022-07-11 14:00:00', 2, 9, 0, 1, 9, 0, 0, '', 0),
(682, '5Monday', '2022-07-18 11:30:00', '2022-07-18 14:00:00', 2, 3, 1, 1, 15, 0, 0, '', 0),
(683, '5Monday', '2022-07-18 11:30:00', '2022-07-18 14:00:00', 2, 5, 0, 1, 7, 0, 0, '', 0),
(684, '5Monday', '2022-07-18 11:30:00', '2022-07-18 14:00:00', 2, 9, 0, 1, 9, 0, 0, '', 0),
(685, '5Monday', '2022-07-25 11:30:00', '2022-07-25 14:00:00', 2, 3, 1, 1, 15, 0, 0, '', 0),
(686, '5Monday', '2022-07-25 11:30:00', '2022-07-25 14:00:00', 2, 5, 0, 1, 7, 0, 0, '', 0),
(687, '5Monday', '2022-07-25 11:30:00', '2022-07-25 14:00:00', 2, 9, 0, 1, 9, 0, 0, '', 0),
(688, '5Tuesday', '2022-07-05 11:30:00', '2022-07-05 14:00:00', 2, 3, 1, 1, 15, 0, 0, '', 0),
(689, '5Tuesday', '2022-07-05 11:30:00', '2022-07-05 14:00:00', 2, 5, 0, 1, 7, 0, 0, '', 0),
(690, '5Tuesday', '2022-07-05 11:30:00', '2022-07-05 14:00:00', 2, 9, 0, 1, 9, 0, 0, '', 0),
(691, '5Tuesday', '2022-07-12 11:30:00', '2022-07-12 14:00:00', 2, 3, 1, 1, 15, 0, 0, '', 0),
(692, '5Tuesday', '2022-07-12 11:30:00', '2022-07-12 14:00:00', 2, 5, 0, 1, 7, 0, 0, '', 0),
(693, '5Tuesday', '2022-07-12 11:30:00', '2022-07-12 14:00:00', 2, 9, 0, 1, 9, 0, 0, '', 0),
(694, '5Tuesday', '2022-07-19 11:30:00', '2022-07-19 14:00:00', 2, 3, 1, 1, 15, 0, 0, '', 0),
(695, '5Tuesday', '2022-07-19 11:30:00', '2022-07-19 14:00:00', 2, 5, 0, 1, 7, 0, 0, '', 0),
(696, '5Tuesday', '2022-07-19 11:30:00', '2022-07-19 14:00:00', 2, 9, 0, 1, 9, 0, 0, '', 0),
(697, '5Tuesday', '2022-07-26 11:30:00', '2022-07-26 14:00:00', 2, 3, 1, 1, 15, 0, 0, '', 0),
(698, '5Tuesday', '2022-07-26 11:30:00', '2022-07-26 14:00:00', 2, 5, 0, 1, 7, 0, 0, '', 0),
(699, '5Tuesday', '2022-07-26 11:30:00', '2022-07-26 14:00:00', 2, 9, 0, 1, 9, 0, 0, '', 0),
(700, '5Wednesday', '2022-06-29 11:30:00', '2022-06-29 14:00:00', 2, 3, 1, 1, 15, 0, 0, '', 0),
(701, '5Wednesday', '2022-06-29 11:30:00', '2022-06-29 14:00:00', 2, 5, 0, 1, 7, 0, 0, '', 0),
(702, '5Wednesday', '2022-06-29 11:30:00', '2022-06-29 14:00:00', 2, 9, 0, 1, 9, 0, 0, '', 0),
(703, '5Wednesday', '2022-07-06 11:30:00', '2022-07-06 14:00:00', 2, 3, 1, 1, 15, 0, 0, '', 0),
(704, '5Wednesday', '2022-07-06 11:30:00', '2022-07-06 14:00:00', 2, 5, 0, 1, 7, 0, 0, '', 0),
(705, '5Wednesday', '2022-07-06 11:30:00', '2022-07-06 14:00:00', 2, 9, 0, 1, 9, 0, 0, '', 0),
(706, '5Wednesday', '2022-07-13 11:30:00', '2022-07-13 14:00:00', 2, 3, 1, 1, 15, 0, 0, '', 0),
(707, '5Wednesday', '2022-07-13 11:30:00', '2022-07-13 14:00:00', 2, 5, 0, 1, 7, 0, 0, '', 0),
(708, '5Wednesday', '2022-07-13 11:30:00', '2022-07-13 14:00:00', 2, 9, 0, 1, 9, 0, 0, '', 0),
(709, '5Wednesday', '2022-07-20 11:30:00', '2022-07-20 14:00:00', 2, 3, 1, 1, 15, 0, 0, '', 0),
(710, '5Wednesday', '2022-07-20 11:30:00', '2022-07-20 14:00:00', 2, 5, 0, 1, 7, 0, 0, '', 0),
(711, '5Wednesday', '2022-07-20 11:30:00', '2022-07-20 14:00:00', 2, 9, 0, 1, 9, 0, 0, '', 0),
(712, '5Wednesday', '2022-07-27 11:30:00', '2022-07-27 14:00:00', 2, 3, 1, 1, 15, 0, 0, '', 0),
(713, '5Wednesday', '2022-07-27 11:30:00', '2022-07-27 14:00:00', 2, 5, 0, 1, 7, 0, 0, '', 0),
(714, '5Wednesday', '2022-07-27 11:30:00', '2022-07-27 14:00:00', 2, 9, 0, 1, 9, 0, 0, '', 0),
(715, '5Thursday', '2022-06-30 11:30:00', '2022-06-30 14:00:00', 2, 3, 1, 1, 15, 0, 0, '', 0),
(716, '5Thursday', '2022-06-30 11:30:00', '2022-06-30 14:00:00', 2, 5, 0, 1, 7, 0, 0, '', 0),
(717, '5Thursday', '2022-06-30 11:30:00', '2022-06-30 14:00:00', 2, 9, 0, 1, 9, 0, 0, '', 0),
(718, '5Thursday', '2022-07-07 11:30:00', '2022-07-07 14:00:00', 2, 3, 1, 1, 15, 0, 0, '', 0),
(719, '5Thursday', '2022-07-07 11:30:00', '2022-07-07 14:00:00', 2, 5, 0, 1, 7, 0, 0, '', 0),
(720, '5Thursday', '2022-07-07 11:30:00', '2022-07-07 14:00:00', 2, 9, 0, 1, 9, 0, 0, '', 0),
(721, '5Thursday', '2022-07-14 11:30:00', '2022-07-14 14:00:00', 2, 3, 1, 1, 15, 0, 0, '', 0),
(722, '5Thursday', '2022-07-14 11:30:00', '2022-07-14 14:00:00', 2, 5, 0, 1, 7, 0, 0, '', 0),
(723, '5Thursday', '2022-07-14 11:30:00', '2022-07-14 14:00:00', 2, 9, 0, 1, 9, 0, 0, '', 0),
(724, '5Thursday', '2022-07-21 11:30:00', '2022-07-21 14:00:00', 2, 3, 1, 1, 15, 0, 0, '', 0),
(725, '5Thursday', '2022-07-21 11:30:00', '2022-07-21 14:00:00', 2, 5, 0, 1, 7, 0, 0, '', 0),
(726, '5Thursday', '2022-07-21 11:30:00', '2022-07-21 14:00:00', 2, 9, 0, 1, 9, 0, 0, '', 0),
(727, '5Thursday', '2022-07-28 11:30:00', '2022-07-28 14:00:00', 2, 3, 1, 1, 15, 0, 0, '', 0),
(728, '5Thursday', '2022-07-28 11:30:00', '2022-07-28 14:00:00', 2, 5, 0, 1, 7, 0, 0, '', 0),
(729, '5Thursday', '2022-07-28 11:30:00', '2022-07-28 14:00:00', 2, 9, 0, 1, 9, 0, 0, '', 0),
(730, 'Monday', '2022-06-06 08:30:00', '2022-06-06 11:30:00', 1, 18, 1, 1, 3, 0, 0, '', 0),
(731, 'Monday', '2022-06-13 08:30:00', '2022-06-13 11:30:00', 1, 18, 1, 1, 3, 0, 0, '', 0),
(732, 'Monday', '2022-06-20 08:30:00', '2022-06-20 11:30:00', 1, 18, 1, 1, 3, 0, 0, '', 0),
(733, 'Monday', '2022-06-27 08:30:00', '2022-06-27 11:30:00', 1, 18, 1, 1, 3, 0, 0, '', 0),
(734, 'Monday', '2022-07-04 08:30:00', '2022-07-04 11:30:00', 1, 18, 1, 1, 3, 0, 0, '', 0),
(735, 'Monday', '2022-07-11 08:30:00', '2022-07-11 11:30:00', 1, 18, 1, 1, 3, 0, 0, '', 0),
(736, 'Monday', '2022-07-18 08:30:00', '2022-07-18 11:30:00', 1, 18, 1, 1, 3, 0, 0, '', 0),
(737, 'Monday', '2022-07-25 08:30:00', '2022-07-25 11:30:00', 1, 18, 1, 1, 3, 0, 0, '', 0),
(738, 'Tuesday', '2022-06-07 08:30:00', '2022-06-07 11:30:00', 1, 18, 1, 1, 3, 0, 0, '', 0),
(739, 'Tuesday', '2022-06-14 08:30:00', '2022-06-14 11:30:00', 1, 18, 1, 1, 3, 0, 0, '', 0),
(740, 'Tuesday', '2022-06-21 08:30:00', '2022-06-21 11:30:00', 1, 18, 1, 1, 3, 0, 0, '', 0),
(741, 'Tuesday', '2022-06-28 08:30:00', '2022-06-28 11:30:00', 1, 18, 1, 1, 3, 0, 0, '', 0),
(742, 'Tuesday', '2022-07-05 08:30:00', '2022-07-05 11:30:00', 1, 18, 1, 1, 3, 0, 0, '', 0),
(743, 'Tuesday', '2022-07-12 08:30:00', '2022-07-12 11:30:00', 1, 18, 1, 1, 3, 0, 0, '', 0),
(744, 'Tuesday', '2022-07-19 08:30:00', '2022-07-19 11:30:00', 1, 18, 1, 1, 3, 0, 0, '', 0),
(745, 'Tuesday', '2022-07-26 08:30:00', '2022-07-26 11:30:00', 1, 18, 1, 1, 3, 0, 0, '', 0),
(746, 'Wednesday', '2022-06-01 08:30:00', '2022-06-01 11:30:00', 1, 18, 1, 1, 3, 0, 0, '', 0),
(747, 'Wednesday', '2022-06-08 08:30:00', '2022-06-08 11:30:00', 1, 18, 1, 1, 3, 0, 0, '', 0),
(748, 'Wednesday', '2022-06-15 08:30:00', '2022-06-15 11:30:00', 1, 18, 1, 1, 3, 0, 0, '', 0),
(749, 'Wednesday', '2022-06-22 08:30:00', '2022-06-22 11:30:00', 1, 18, 1, 1, 3, 0, 0, '', 0),
(750, 'Wednesday', '2022-06-29 08:30:00', '2022-06-29 11:30:00', 1, 18, 1, 1, 3, 0, 0, '', 0),
(751, 'Wednesday', '2022-07-06 08:30:00', '2022-07-06 11:30:00', 1, 18, 1, 1, 3, 0, 0, '', 0),
(752, 'Wednesday', '2022-07-13 08:30:00', '2022-07-13 11:30:00', 1, 18, 1, 1, 3, 0, 0, '', 0),
(753, 'Wednesday', '2022-07-20 08:30:00', '2022-07-20 11:30:00', 1, 18, 1, 1, 3, 0, 0, '', 0),
(754, 'Wednesday', '2022-07-27 08:30:00', '2022-07-27 11:30:00', 1, 18, 1, 1, 3, 0, 0, '', 0),
(755, 'Thursday', '2022-06-02 08:30:00', '2022-06-02 11:30:00', 1, 18, 1, 1, 3, 0, 0, '', 0),
(756, 'Thursday', '2022-06-09 08:30:00', '2022-06-09 11:30:00', 1, 18, 1, 1, 3, 0, 0, '', 0),
(757, 'Thursday', '2022-06-16 08:30:00', '2022-06-16 11:30:00', 1, 18, 1, 1, 3, 0, 0, '', 0),
(758, 'Thursday', '2022-06-23 08:30:00', '2022-06-23 11:30:00', 1, 18, 1, 1, 3, 0, 0, '', 0),
(759, 'Thursday', '2022-06-30 08:30:00', '2022-06-30 11:30:00', 1, 18, 1, 1, 3, 0, 0, '', 0),
(760, 'Thursday', '2022-07-07 08:30:00', '2022-07-07 11:30:00', 1, 18, 1, 1, 3, 0, 0, '', 0),
(761, 'Thursday', '2022-07-14 08:30:00', '2022-07-14 11:30:00', 1, 18, 1, 1, 3, 0, 0, '', 0),
(762, 'Thursday', '2022-07-21 08:30:00', '2022-07-21 11:30:00', 1, 18, 1, 1, 3, 0, 0, '', 0),
(763, 'Thursday', '2022-07-28 08:30:00', '2022-07-28 11:30:00', 1, 18, 1, 1, 3, 0, 0, '', 0),
(764, 'Monday', '2022-06-06 08:30:00', '2022-06-06 11:30:00', 1, 28, 1, 1, 5, 0, 0, '', 0),
(765, 'Monday', '2022-06-13 08:30:00', '2022-06-13 11:30:00', 1, 28, 1, 1, 5, 0, 0, '', 0),
(766, 'Monday', '2022-06-20 08:30:00', '2022-06-20 11:30:00', 1, 28, 1, 1, 5, 0, 0, '', 0),
(767, 'Monday', '2022-06-27 08:30:00', '2022-06-27 11:30:00', 1, 28, 1, 1, 5, 0, 0, '', 0),
(768, 'Monday', '2022-07-04 08:30:00', '2022-07-04 11:30:00', 1, 28, 1, 1, 5, 0, 0, '', 0),
(769, 'Monday', '2022-07-11 08:30:00', '2022-07-11 11:30:00', 1, 28, 1, 1, 5, 0, 0, '', 0),
(770, 'Monday', '2022-07-18 08:30:00', '2022-07-18 11:30:00', 1, 28, 1, 1, 5, 0, 0, '', 0),
(771, 'Monday', '2022-07-25 08:30:00', '2022-07-25 11:30:00', 1, 28, 1, 1, 5, 0, 0, '', 0),
(772, 'Tuesday', '2022-06-07 08:30:00', '2022-06-07 11:30:00', 1, 28, 1, 1, 5, 0, 0, '', 0),
(773, 'Tuesday', '2022-06-14 08:30:00', '2022-06-14 11:30:00', 1, 28, 1, 1, 5, 0, 0, '', 0),
(774, 'Tuesday', '2022-06-21 08:30:00', '2022-06-21 11:30:00', 1, 28, 1, 1, 5, 0, 0, '', 0),
(775, 'Tuesday', '2022-06-28 08:30:00', '2022-06-28 11:30:00', 1, 28, 1, 1, 5, 0, 0, '', 0),
(776, 'Tuesday', '2022-07-05 08:30:00', '2022-07-05 11:30:00', 1, 28, 1, 1, 5, 0, 0, '', 0),
(777, 'Tuesday', '2022-07-12 08:30:00', '2022-07-12 11:30:00', 1, 28, 1, 1, 5, 0, 0, '', 0),
(778, 'Tuesday', '2022-07-19 08:30:00', '2022-07-19 11:30:00', 1, 28, 1, 1, 5, 0, 0, '', 0),
(779, 'Tuesday', '2022-07-26 08:30:00', '2022-07-26 11:30:00', 1, 28, 1, 1, 5, 0, 0, '', 0),
(780, 'Wednesday', '2022-06-01 08:30:00', '2022-06-01 11:30:00', 1, 28, 1, 1, 5, 0, 0, '', 0),
(781, 'Wednesday', '2022-06-08 08:30:00', '2022-06-08 11:30:00', 1, 28, 1, 1, 5, 0, 0, '', 0),
(782, 'Wednesday', '2022-06-15 08:30:00', '2022-06-15 11:30:00', 1, 28, 1, 1, 5, 0, 0, '', 0),
(783, 'Wednesday', '2022-06-22 08:30:00', '2022-06-22 11:30:00', 1, 28, 1, 1, 5, 0, 0, '', 0),
(784, 'Wednesday', '2022-06-29 08:30:00', '2022-06-29 11:30:00', 1, 28, 1, 1, 5, 0, 0, '', 0),
(785, 'Wednesday', '2022-07-06 08:30:00', '2022-07-06 11:30:00', 1, 28, 1, 1, 5, 0, 0, '', 0),
(786, 'Wednesday', '2022-07-13 08:30:00', '2022-07-13 11:30:00', 1, 28, 1, 1, 5, 0, 0, '', 0),
(787, 'Wednesday', '2022-07-20 08:30:00', '2022-07-20 11:30:00', 1, 28, 1, 1, 5, 0, 0, '', 0),
(788, 'Wednesday', '2022-07-27 08:30:00', '2022-07-27 11:30:00', 1, 28, 1, 1, 5, 0, 0, '', 0),
(789, 'Monday', '2022-06-06 13:00:00', '2022-06-06 15:00:00', 6, 11, 1, 1, 3, 0, 0, '', 0),
(790, 'Monday', '2022-06-06 13:00:00', '2022-06-06 15:00:00', 6, 12, 0, 1, 9, 0, 0, '', 0),
(791, 'Monday', '2022-06-06 13:00:00', '2022-06-06 15:00:00', 6, 13, 0, 1, 14, 0, 0, '', 0),
(792, 'Monday', '2022-06-13 13:00:00', '2022-06-13 15:00:00', 6, 11, 1, 1, 3, 0, 0, '', 0),
(793, 'Monday', '2022-06-13 13:00:00', '2022-06-13 15:00:00', 6, 12, 0, 1, 9, 0, 0, '', 0),
(794, 'Monday', '2022-06-13 13:00:00', '2022-06-13 15:00:00', 6, 13, 0, 1, 14, 0, 0, '', 0),
(795, 'Monday', '2022-06-20 13:00:00', '2022-06-20 15:00:00', 6, 11, 1, 1, 3, 0, 0, '', 0),
(796, 'Monday', '2022-06-20 13:00:00', '2022-06-20 15:00:00', 6, 12, 0, 1, 9, 0, 0, '', 0),
(797, 'Monday', '2022-06-20 13:00:00', '2022-06-20 15:00:00', 6, 13, 0, 1, 14, 0, 0, '', 0),
(798, 'Monday', '2022-06-27 13:00:00', '2022-06-27 15:00:00', 6, 11, 1, 1, 3, 0, 0, '', 0),
(799, 'Monday', '2022-06-27 13:00:00', '2022-06-27 15:00:00', 6, 12, 0, 1, 9, 0, 0, '', 0),
(800, 'Monday', '2022-06-27 13:00:00', '2022-06-27 15:00:00', 6, 13, 0, 1, 14, 0, 0, '', 0),
(801, 'Monday', '2022-07-04 13:00:00', '2022-07-04 15:00:00', 6, 11, 1, 1, 3, 0, 0, '', 0),
(802, 'Monday', '2022-07-04 13:00:00', '2022-07-04 15:00:00', 6, 12, 0, 1, 9, 0, 0, '', 0),
(803, 'Monday', '2022-07-04 13:00:00', '2022-07-04 15:00:00', 6, 13, 0, 1, 14, 0, 0, '', 0),
(804, 'Monday', '2022-07-11 13:00:00', '2022-07-11 15:00:00', 6, 11, 1, 1, 3, 0, 0, '', 0),
(805, 'Monday', '2022-07-11 13:00:00', '2022-07-11 15:00:00', 6, 12, 0, 1, 9, 0, 0, '', 0),
(806, 'Monday', '2022-07-11 13:00:00', '2022-07-11 15:00:00', 6, 13, 0, 1, 14, 0, 0, '', 0),
(807, 'Monday', '2022-07-18 13:00:00', '2022-07-18 15:00:00', 6, 11, 1, 1, 3, 0, 0, '', 0),
(808, 'Monday', '2022-07-18 13:00:00', '2022-07-18 15:00:00', 6, 12, 0, 1, 9, 0, 0, '', 0),
(809, 'Monday', '2022-07-18 13:00:00', '2022-07-18 15:00:00', 6, 13, 0, 1, 14, 0, 0, '', 0),
(810, 'Monday', '2022-07-25 13:00:00', '2022-07-25 15:00:00', 6, 11, 1, 1, 3, 0, 0, '', 0),
(811, 'Monday', '2022-07-25 13:00:00', '2022-07-25 15:00:00', 6, 12, 0, 1, 9, 0, 0, '', 0),
(812, 'Monday', '2022-07-25 13:00:00', '2022-07-25 15:00:00', 6, 13, 0, 1, 14, 0, 0, '', 0),
(813, 'Tuesday', '2022-06-07 13:00:00', '2022-06-07 15:00:00', 6, 11, 1, 1, 3, 0, 0, '', 0),
(814, 'Tuesday', '2022-06-07 13:00:00', '2022-06-07 15:00:00', 6, 12, 0, 1, 9, 0, 0, '', 0),
(815, 'Tuesday', '2022-06-07 13:00:00', '2022-06-07 15:00:00', 6, 13, 0, 1, 14, 0, 0, '', 0),
(816, 'Tuesday', '2022-06-14 13:00:00', '2022-06-14 15:00:00', 6, 11, 1, 1, 3, 0, 0, '', 0),
(817, 'Tuesday', '2022-06-14 13:00:00', '2022-06-14 15:00:00', 6, 12, 0, 1, 9, 0, 0, '', 0),
(818, 'Tuesday', '2022-06-14 13:00:00', '2022-06-14 15:00:00', 6, 13, 0, 1, 14, 0, 0, '', 0),
(819, 'Tuesday', '2022-06-21 13:00:00', '2022-06-21 15:00:00', 6, 11, 1, 1, 3, 0, 0, '', 0),
(820, 'Tuesday', '2022-06-21 13:00:00', '2022-06-21 15:00:00', 6, 12, 0, 1, 9, 0, 0, '', 0),
(821, 'Tuesday', '2022-06-21 13:00:00', '2022-06-21 15:00:00', 6, 13, 0, 1, 14, 0, 0, '', 0),
(822, 'Tuesday', '2022-06-28 13:00:00', '2022-06-28 15:00:00', 6, 11, 1, 1, 3, 0, 0, '', 0),
(823, 'Tuesday', '2022-06-28 13:00:00', '2022-06-28 15:00:00', 6, 12, 0, 1, 9, 0, 0, '', 0),
(824, 'Tuesday', '2022-06-28 13:00:00', '2022-06-28 15:00:00', 6, 13, 0, 1, 14, 0, 0, '', 0),
(825, 'Tuesday', '2022-07-05 13:00:00', '2022-07-05 15:00:00', 6, 11, 1, 1, 3, 0, 0, '', 0),
(826, 'Tuesday', '2022-07-05 13:00:00', '2022-07-05 15:00:00', 6, 12, 0, 1, 9, 0, 0, '', 0),
(827, 'Tuesday', '2022-07-05 13:00:00', '2022-07-05 15:00:00', 6, 13, 0, 1, 14, 0, 0, '', 0),
(828, 'Tuesday', '2022-07-12 13:00:00', '2022-07-12 15:00:00', 6, 11, 1, 1, 3, 0, 0, '', 0),
(829, 'Tuesday', '2022-07-12 13:00:00', '2022-07-12 15:00:00', 6, 12, 0, 1, 9, 0, 0, '', 0),
(830, 'Tuesday', '2022-07-12 13:00:00', '2022-07-12 15:00:00', 6, 13, 0, 1, 14, 0, 0, '', 0),
(831, 'Tuesday', '2022-07-19 13:00:00', '2022-07-19 15:00:00', 6, 11, 1, 1, 3, 0, 0, '', 0),
(832, 'Tuesday', '2022-07-19 13:00:00', '2022-07-19 15:00:00', 6, 12, 0, 1, 9, 0, 0, '', 0),
(833, 'Tuesday', '2022-07-19 13:00:00', '2022-07-19 15:00:00', 6, 13, 0, 1, 14, 0, 0, '', 0),
(834, 'Tuesday', '2022-07-26 13:00:00', '2022-07-26 15:00:00', 6, 11, 1, 1, 3, 0, 0, '', 0),
(835, 'Tuesday', '2022-07-26 13:00:00', '2022-07-26 15:00:00', 6, 12, 0, 1, 9, 0, 0, '', 0),
(836, 'Tuesday', '2022-07-26 13:00:00', '2022-07-26 15:00:00', 6, 13, 0, 1, 14, 0, 0, '', 0);

-- --------------------------------------------------------

--
-- Table structure for table `labs`
--

CREATE TABLE `labs` (
  `labid` int(11) NOT NULL,
  `labname` varchar(10) NOT NULL,
  `no_of_systems` int(11) NOT NULL,
  `deptid` int(11) DEFAULT NULL,
  `system_specifications` varchar(60) NOT NULL
) ENGINE=InnoDB DEFAULT CHARSET=utf8;

--
-- Dumping data for table `labs`
--

INSERT INTO `labs` (`labid`, `labname`, `no_of_systems`, `deptid`, `system_specifications`) VALUES
(1, 'Lab 1', 61, 10, 'Null'),
(2, 'Lab 1(B)', 40, 1, '\"Null\"'),
(3, 'Lab 2', 60, 11, '\"Null\"'),
(4, 'Lab 3', 40, 8, '\"Null\"'),
(5, 'Lab 4', 48, 3, '\"Null\"'),
(6, 'Lab 5', 31, 3, '\"Null\"'),
(7, 'Lab 6', 60, 2, '\"Null\"'),
(8, 'Lab 7', 44, 4, '\"Null\"'),
(9, 'Lab 8', 61, 4, '\"Null\"'),
(10, 'Lab 9', 14, 0, '\"Null\"'),
(11, 'Lab 10', 60, 0, '\"Null\"'),
(12, 'Lab 11', 60, 0, '\"Null\"'),
(13, 'Lab 12', 60, 7, '\"Null\"'),
(14, 'Lab 13 VLS', 64, 6, '\"Null\"'),
(15, 'Lab 14 Br.', 60, 5, '\"Null\"'),
(16, 'MBA Lab', 65, 9, '\"Null\"');

-- --------------------------------------------------------

--
-- Table structure for table `slotbooking`
--

CREATE TABLE `slotbooking` (
  `bookid` int(11) NOT NULL,
  `labid` int(11) NOT NULL,
  `deptid` int(11) NOT NULL,
  `purpose` varchar(50) NOT NULL,
  `faculty` varchar(30) NOT NULL,
  `academicyear` varchar(10) NOT NULL
) ENGINE=InnoDB DEFAULT CHARSET=utf8;

-- --------------------------------------------------------

--
-- Table structure for table `slot_list`
--

CREATE TABLE `slot_list` (
  `slot_id` int(11) NOT NULL,
  `slot_time` varchar(40) NOT NULL,
  `duration` int(11) NOT NULL,
  `status` int(11) NOT NULL
) ENGINE=InnoDB DEFAULT CHARSET=utf8mb4;

--
-- Dumping data for table `slot_list`
--

INSERT INTO `slot_list` (`slot_id`, `slot_time`, `duration`, `status`) VALUES
(1, '08:30:00 - 11:30:00', 3, 1),
(2, '11:30:00 - 14:00:00', 3, 1),
(3, '14:00:00 - 17:00:00', 3, 1),
(4, '08:30:00 - 10:30:00', 2, 1),
(5, '10:30:00 - 12:30:00', 2, 1),
(6, '13:00:00 - 15:00:00', 2, 1),
(7, '15:00:00 - 17:00:00', 2, 1),
(8, '08:30:00 -12:30:00', 4, 1),
(9, '13:00:00 - 17:00:00', 4, 1);

-- --------------------------------------------------------

--
-- Table structure for table `software_requirements`
--

CREATE TABLE `software_requirements` (
  `id` int(11) NOT NULL,
  `software_req` varchar(60) NOT NULL,
  `status` int(11) NOT NULL
) ENGINE=InnoDB DEFAULT CHARSET=utf8mb4;

--
-- Dumping data for table `software_requirements`
--

INSERT INTO `software_requirements` (`id`, `software_req`, `status`) VALUES
(1, 'Android Studio', 1),
(2, 'Android Studio', 1),
(3, 'Linux Kali machines', 1),
(4, 'Spark Studio', 1),
(5, 'Linux Kali machines', 1);

-- --------------------------------------------------------

--
-- Table structure for table `users`
--

CREATE TABLE `users` (
  `id` int(11) NOT NULL,
  `uid` int(11) NOT NULL,
  `name` varchar(60) NOT NULL,
  `username` varchar(40) NOT NULL,
  `password` varchar(60) NOT NULL,
  `email` varchar(40) NOT NULL
) ENGINE=InnoDB DEFAULT CHARSET=utf8mb4;

--
-- Dumping data for table `users`
--

INSERT INTO `users` (`id`, `uid`, `name`, `username`, `password`, `email`) VALUES
(1, 1, 'Admin', 'cc@git.edu', 'ca04c3b84a22b5fa4ea6e7ad8ee78999', 'cc@git.edu'),
(2, 2, 'Aeronautical', 'aero@git.edu', 'ca04c3b84a22b5fa4ea6e7ad8ee78999', 'aero.git.edu'),
(3, 2, 'Architecture', 'arch@git.edu', 'ca04c3b84a22b5fa4ea6e7ad8ee78999', 'arch@git.edu'),
(4, 2, 'Civil Engineering', 'civil@git.edu', 'ca04c3b84a22b5fa4ea6e7ad8ee78999', 'civil@git.edu'),
(5, 2, 'Computer Science & Engineering', 'cse@git.edu', 'ca04c3b84a22b5fa4ea6e7ad8ee78999', 'cse@git.edu'),
(6, 2, 'Electronics &Communication Engineering', 'ece@git.edu', 'ca04c3b84a22b5fa4ea6e7ad8ee78999', 'ece@git.edu'),
(7, 2, 'First Year', 'deanacad@git.edu', 'ca04c3b84a22b5fa4ea6e7ad8ee78999', 'deanacad@git.edu'),
(8, 2, 'Electrical & Electronics Engineering', 'ee@git.edu', 'ca04c3b84a22b5fa4ea6e7ad8ee78999', 'ee@git.edu'),
(9, 2, 'Information Science & Engineering', 'ise@git.edu', 'ca04c3b84a22b5fa4ea6e7ad8ee78999', 'ise@git.edu'),
(10, 2, 'Mechanical Engineering', 'mech@git.edu', 'ca04c3b84a22b5fa4ea6e7ad8ee78999', 'mech@git.edu'),
(11, 2, 'MCA', 'mca@git.edu', 'ca04c3b84a22b5fa4ea6e7ad8ee78999', 'mca@git.edu'),
(12, 2, 'MBA', 'mba@git,edu', 'ca04c3b84a22b5fa4ea6e7ad8ee78999', 'mba@git.edu');

-- --------------------------------------------------------

--
-- Table structure for table `user_type`
--

CREATE TABLE `user_type` (
  `uid` int(11) NOT NULL,
  `usertype` varchar(30) NOT NULL,
  `status` int(11) NOT NULL
) ENGINE=InnoDB DEFAULT CHARSET=utf8mb4;

--
-- Dumping data for table `user_type`
--

INSERT INTO `user_type` (`uid`, `usertype`, `status`) VALUES
(1, 'Admin', 1),
(2, 'HoD', 1),
(3, 'Lab Instructor', 1),
(4, 'Super Admin (Dev)', 1);

--
-- Indexes for dumped tables
--

--
-- Indexes for table `academic_year`
--
ALTER TABLE `academic_year`
  ADD PRIMARY KEY (`id`);

--
-- Indexes for table `courses`
--
ALTER TABLE `courses`
  ADD PRIMARY KEY (`cid`);

--
-- Indexes for table `laballocations`
--
ALTER TABLE `laballocations`
  ADD PRIMARY KEY (`allocationid`),
  ADD KEY `FK_LABID` (`labid`);

--
-- Indexes for table `labs`
--
ALTER TABLE `labs`
  ADD PRIMARY KEY (`labid`);

--
-- Indexes for table `slotbooking`
--
ALTER TABLE `slotbooking`
  ADD PRIMARY KEY (`bookid`);

--
-- Indexes for table `slot_list`
--
ALTER TABLE `slot_list`
  ADD PRIMARY KEY (`slot_id`);

--
-- Indexes for table `software_requirements`
--
ALTER TABLE `software_requirements`
  ADD PRIMARY KEY (`id`);

--
-- Indexes for table `users`
--
ALTER TABLE `users`
  ADD PRIMARY KEY (`id`);

--
-- Indexes for table `user_type`
--
ALTER TABLE `user_type`
  ADD PRIMARY KEY (`uid`);

--
-- AUTO_INCREMENT for dumped tables
--

--
-- AUTO_INCREMENT for table `academic_year`
--
ALTER TABLE `academic_year`
  MODIFY `id` int(11) NOT NULL AUTO_INCREMENT, AUTO_INCREMENT=3;

--
-- AUTO_INCREMENT for table `courses`
--
ALTER TABLE `courses`
  MODIFY `cid` int(11) NOT NULL AUTO_INCREMENT, AUTO_INCREMENT=32;

--
-- AUTO_INCREMENT for table `laballocations`
--
ALTER TABLE `laballocations`
  MODIFY `allocationid` int(11) NOT NULL AUTO_INCREMENT, AUTO_INCREMENT=837;

--
-- AUTO_INCREMENT for table `labs`
--
ALTER TABLE `labs`
  MODIFY `labid` int(11) NOT NULL AUTO_INCREMENT, AUTO_INCREMENT=17;

--
-- AUTO_INCREMENT for table `slotbooking`
--
ALTER TABLE `slotbooking`
  MODIFY `bookid` int(11) NOT NULL AUTO_INCREMENT;

--
-- AUTO_INCREMENT for table `slot_list`
--
ALTER TABLE `slot_list`
  MODIFY `slot_id` int(11) NOT NULL AUTO_INCREMENT, AUTO_INCREMENT=10;

--
-- AUTO_INCREMENT for table `software_requirements`
--
ALTER TABLE `software_requirements`
  MODIFY `id` int(11) NOT NULL AUTO_INCREMENT, AUTO_INCREMENT=6;

--
-- AUTO_INCREMENT for table `users`
--
ALTER TABLE `users`
  MODIFY `id` int(11) NOT NULL AUTO_INCREMENT, AUTO_INCREMENT=13;

--
-- AUTO_INCREMENT for table `user_type`
--
ALTER TABLE `user_type`
  MODIFY `uid` int(11) NOT NULL AUTO_INCREMENT, AUTO_INCREMENT=5;

--
-- Constraints for dumped tables
--

--
-- Constraints for table `laballocations`
--
ALTER TABLE `laballocations`
  ADD CONSTRAINT `FK_LABID` FOREIGN KEY (`labid`) REFERENCES `labs` (`labid`);
COMMIT;

/*!40101 SET CHARACTER_SET_CLIENT=@OLD_CHARACTER_SET_CLIENT */;
/*!40101 SET CHARACTER_SET_RESULTS=@OLD_CHARACTER_SET_RESULTS */;
/*!40101 SET COLLATION_CONNECTION=@OLD_COLLATION_CONNECTION */;
